point,Class_2_L2_Medium_EV_001,Class_2_L2_Medium_EV_002,Class_2_L2_Medium_EV_003,Class_2_L2_Medium_EV_004,Class_2_L2_Medium_EV_005,Class_2_L2_Medium_EV_006,Class_2_L2_Medium_EV_007,Class_2_L2_Medium_EV_008,Class_2_L2_Medium_EV_009,Class_2_L2_Medium_EV_010,Class_2_L2_Medium_EV_011,Class_2_L2_Medium_EV_012,Class_2_L2_Medium_EV_013,Class_2_L2_Medium_EV_014,Class_2_L2_Medium_EV_015,Class_2_L2_Medium_EV_016,Class_2_L2_Medium_EV_017,Class_2_L2_Medium_EV_018,Class_2_L2_Medium_EV_019,Class_2_L2_Medium_EV_020,Class_2_L2_Medium_EV_021,Class_2_L2_Medium_EV_022,Class_2_L2_Medium_EV_023,Class_2_L2_Medium_EV_024,Class_2_L2_Medium_EV_025,Class_2_L2_Medium_EV_026,Class_2_L2_Medium_EV_027,Class_2_L2_Medium_EV_028,Class_2_L2_Medium_EV_029,Class_2_L2_Medium_EV_030,Class_2_L2_Medium_EV_031,Class_2_L2_Medium_EV_032,Class_2_L2_Medium_EV_033,Class_2_L2_Medium_EV_034,Class_2_L2_Medium_EV_035,Class_2_L2_Medium_EV_036,Class_2_L2_Medium_EV_037,Class_2_L2_Medium_EV_038,Class_2_L2_Medium_EV_039,Class_2_L2_Medium_EV_040,Class_2_L2_Medium_EV_041,Class_2_L2_Medium_EV_042,Class_2_L2_Medium_EV_043,Class_2_L2_Medium_EV_044,Class_2_L2_Medium_EV_045,Class_2_L2_Medium_EV_046,Class_2_L2_Medium_EV_047,Class_2_L2_Medium_EV_048,Class_2_L2_Medium_EV_049,Class_2_L2_Medium_EV_050,Class_2_L2_Medium_EV_051,Class_2_L2_Medium_EV_052,Class_2_L2_Medium_EV_053,Class_2_L2_Medium_EV_054,Class_2_L2_Medium_EV_055,Class_2_L2_Medium_EV_056,Class_2_L2_Medium_EV_057,Class_2_L2_Medium_EV_058,Class_2_L2_Medium_EV_059,Class_2_L2_Medium_EV_060,Class_2_L2_Medium_EV_061,Class_2_L2_Medium_EV_062,Class_2_L2_Medium_EV_063,Class_2_L2_Medium_EV_064,Class_2_L2_Medium_EV_065,Class_2_L2_Medium_EV_066,Class_2_L2_Medium_EV_067,Class_2_L2_Medium_EV_068,Class_2_L2_Medium_EV_069,Class_2_L2_Medium_EV_070,Class_2_L2_Medium_EV_071,Class_2_L2_Medium_EV_072,Class_2_L2_Medium_EV_073,Class_2_L2_Medium_EV_074,Class_2_L2_Medium_EV_075,Class_2_L2_Medium_EV_076,Class_2_L2_Medium_EV_077,Class_2_L2_Medium_EV_078,Class_2_L2_Medium_EV_079,Class_2_L2_Medium_EV_080,Class_2_L2_Medium_EV_081,Class_2_L2_Medium_EV_082,Class_2_L2_Medium_EV_083,Class_2_L2_Medium_EV_084,Class_2_L2_Medium_EV_085,Class_2_L2_Medium_EV_086,Class_2_L2_Medium_EV_087,Class_2_L2_Medium_EV_088,Class_2_L2_Medium_EV_089,Class_2_L2_Medium_EV_090,Class_2_L2_Medium_EV_091,Class_2_L2_Medium_EV_092,Class_2_L2_Medium_EV_093,Class_2_L2_Medium_EV_094,Class_2_L2_Medium_EV_095,Class_2_L2_Medium_EV_096,Class_2_L2_Medium_EV_097,Class_2_L2_Medium_EV_098,Class_2_L2_Medium_EV_099,Class_2_L2_Medium_EV_100,Class_2_L2_Medium_EV_101,Class_2_L2_Medium_EV_102,Class_2_L2_Medium_EV_103,Class_2_L2_Medium_EV_104,Class_2_L2_Medium_EV_105,Class_2_L2_Medium_EV_106,Class_2_L2_Medium_EV_107,Class_2_L2_Medium_EV_108,Class_2_L2_Medium_EV_109,Class_2_L2_Medium_EV_110,Class_2_L2_Medium_EV_111,Class_2_L2_Medium_EV_112,Class_2_L2_Medium_EV_113,Class_2_L2_Medium_EV_114,Class_2_L2_Medium_EV_115,Class_2_L2_Medium_EV_116,Class_2_L2_Medium_EV_117,Class_2_L2_Medium_EV_118,Class_2_L2_Medium_EV_119,Class_2_L2_Medium_EV_120,Class_2_L2_Medium_EV_121,Class_2_L2_Medium_EV_122,Class_2_L2_Medium_EV_123,Class_2_L2_Medium_EV_124,Class_2_L2_Medium_EV_125,Class_2_L2_Medium_EV_126,Class_2_L2_Medium_EV_127,Class_2_L2_Medium_EV_128,Class_2_L2_Medium_EV_129,Class_2_L2_Medium_EV_130,Class_2_L2_Medium_EV_131,Class_2_L2_Medium_EV_132,Class_2_L2_Medium_EV_133,Class_2_L2_Medium_EV_134,Class_2_L2_Medium_EV_135,Class_2_L2_Medium_EV_136,Class_2_L2_Medium_EV_137,Class_2_L2_Medium_EV_138,Class_2_L2_Medium_EV_139,Class_2_L2_Medium_EV_140,Class_2_L2_Medium_EV_141,Class_2_L2_Medium_EV_142,Class_2_L2_Medium_EV_143,Class_2_L2_Medium_EV_144,Class_2_L2_Medium_EV_145,Class_2_L2_Medium_EV_146,Class_2_L2_Medium_EV_147,Class_2_L2_Medium_EV_148,Class_2_L2_Medium_EV_149,Class_2_L2_Medium_EV_150,Class_2_L2_Medium_EV_151,Class_2_L2_Medium_EV_152,Class_2_L2_Medium_EV_153,Class_2_L2_Medium_EV_154,Class_2_L2_Medium_EV_155,Class_2_L2_Medium_EV_156,Class_2_L2_Medium_EV_157,Class_2_L2_Medium_EV_158,Class_2_L2_Medium_EV_159,Class_2_L2_Medium_EV_160,Class_2_L2_Medium_EV_161,Class_2_L2_Medium_EV_162,Class_2_L2_Medium_EV_163,Class_2_L2_Medium_EV_164,Class_2_L2_Medium_EV_165,Class_2_L2_Medium_EV_166,Class_2_L2_Medium_EV_167,Class_2_L2_Medium_EV_168,Class_2_L2_Medium_EV_169,Class_2_L2_Medium_EV_170,Class_2_L2_Medium_EV_171,Class_2_L2_Medium_EV_172,Class_2_L2_Medium_EV_173,Class_2_L2_Medium_EV_174,Class_2_L2_Medium_EV_175,Class_2_L2_Medium_EV_176,Class_2_L2_Medium_EV_177,Class_2_L2_Medium_EV_178,Class_2_L2_Medium_EV_179,Class_2_L2_Medium_EV_180,Class_2_L2_Medium_EV_181,Class_2_L2_Medium_EV_182,Class_2_L2_Medium_EV_183,Class_2_L2_Medium_EV_184,Class_2_L2_Medium_EV_185,Class_2_L2_Medium_EV_186,Class_2_L2_Medium_EV_187,Class_2_L2_Medium_EV_188,Class_2_L2_Medium_EV_189,Class_2_L2_Medium_EV_190,Class_2_L2_Medium_EV_191,Class_2_L2_Medium_EV_192,Class_2_L2_Medium_EV_193,Class_2_L2_Medium_EV_194,Class_2_L2_Medium_EV_195,Class_2_L2_Medium_EV_196,Class_2_L2_Medium_EV_197,Class_2_L2_Medium_EV_198,Class_2_L2_Medium_EV_199,Class_2_L2_Medium_EV_200,Class_2_L2_Medium_EV_201,Class_2_L2_Medium_EV_202,Class_2_L2_Medium_EV_203,Class_2_L2_Medium_EV_204,Class_2_L2_Medium_EV_205,Class_2_L2_Medium_EV_206,Class_2_L2_Medium_EV_207,Class_2_L2_Medium_EV_208,Class_2_L2_Medium_EV_209,Class_2_L2_Medium_EV_210,Class_2_L2_Medium_EV_211,Class_2_L2_Medium_EV_212,Class_2_L2_Medium_EV_213,Class_2_L2_Medium_EV_214,Class_2_L2_Medium_EV_215,Class_2_L2_Medium_EV_216,Class_2_L2_Medium_EV_217,Class_2_L2_Medium_EV_218,Class_2_L2_Medium_EV_219,Class_2_L2_Medium_EV_220,Class_2_L2_Medium_EV_221,Class_2_L2_Medium_EV_222,Class_2_L2_Medium_EV_223,Class_2_L2_Medium_EV_224,Class_2_L2_Medium_EV_225,Class_2_L2_Medium_EV_226,Class_2_L2_Medium_EV_227,Class_2_L2_Medium_EV_228,Class_2_L2_Medium_EV_229,Class_2_L2_Medium_EV_230,Class_2_L2_Medium_EV_231,Class_2_L2_Medium_EV_232,Class_2_L2_Medium_EV_233,Class_2_L2_Medium_EV_234,Class_2_L2_Medium_EV_235,Class_2_L2_Medium_EV_236,Class_2_L2_Medium_EV_237,Class_2_L2_Medium_EV_238,Class_2_L2_Medium_EV_239,Class_2_L2_Medium_EV_240,Class_2_L2_Medium_EV_241,Class_2_L2_Medium_EV_242,Class_2_L2_Medium_EV_243,Class_2_L2_Medium_EV_244,Class_2_L2_Medium_EV_245,Class_2_L2_Medium_EV_246,Class_2_L2_Medium_EV_247,Class_2_L2_Medium_EV_248,Class_2_L2_Medium_EV_249,Class_2_L2_Medium_EV_250
pt_0,0.0,0.0,0.0,0.0,6.851358193276212,6.636000523503723,0.0,0.0,0.0,8.553836040604958,6.812528133897593,3.161355356890768,0.0,10.30944156274676,0.0,7.839185995862849,0.0,0.0,2.808858681978803,9.798749821128595,9.50872343691815,6.902164729549786,7.350925914275418,0.0,10.06280480490166,0.0,0.0,10.19481721839826,0.0,1.14432836690837,0.0,0.0,0.0,0.0,8.518906814952285,0.0,0.0,8.717910308802978,0.0,7.864933286527187,7.259168406307823,0.0,0.0,0.0,0.0,0.0,0.0,0.0,0.0,9.33039003032143,0.0,0.0,0.0,0.0,0.0,8.259362354283057,7.419104123880913,0.0,2.299911146179078,5.71684620568156,0.0,8.049754798419343,0.0,0.0,0.0,9.62785720081151,7.789736124747002,0.0,8.866974913144551,0.0,8.93415712156027,0.0,0.0,10.24719668817442,0.0,0.0,3.713825391882296,0.0,0.0,6.47777345812899,0.0,2.604101372142256,6.450626947649086,2.815410223560497,0.0,0.0,0.0,0.0,0.0,0.0,0.0,0.0,6.614890777622037,0.0,0.0,0.0,7.974085918424921,0.0,0.0,8.19506831951569,0.0,0.0,0.0,0.0,0.0,0.0,5.231725646133887,7.703540522161219,3.190602592534309,7.26200931665372,0.0,0.0,7.703104951499586,10.34273822591484,0.0,0.0,0.0,0.0,0.0,0.0,0.0,10.52648096678485,0.0,0.0,0.0,0.0,0.0,0.0,0.0,0.0,7.349713536085646,0.0,0.0,0.0,0.0,7.050241568137391,0.0,9.207317412980991,0.0,0.0,0.0,0.0,0.0,7.208730249551096,9.863145689721891,1.568137932121409,6.574378113557827,0.0,5.219704541909546,0.0,4.440740353277437,0.0,0.0,0.0,0.0,3.585169130039003,0.0,0.0,1.56706082341047,7.679824835696557,0.0,10.33939809738436,0.0,0.0,0.0,0.0,0.0,0.0,8.642545220929387,0.0,0.0,0.0,0.0,0.0,4.6601477117115,0.0,9.629731274338553,0.0,0.0,0.0,9.062146370233494,3.708578268574256,9.53957502713866,0.0,7.580554971162406,7.639973281269542,6.667829345085212,0.0,0.0,0.0,0.0,0.0,7.411488609955581,9.63862469319695,0.0,8.367928743666763,0.0,0.0,0.0,0.0,0.0,9.451353211265683,8.167940188493192,7.650608472291525,0.0,0.0,0.0,0.0,0.0,0.0,1.266445132661075,0.0,1.283722205224857,7.470946870560293,7.663579885997349,0.0,0.0,0.0,6.677570495107637,0.0,0.0,0.0,0.0,0.0,6.888484148412066,0.0,0.0,4.2832160434995,7.013482810279527,0.0,8.848468900389385,4.470917073094122,0.0,0.0,0.0,0.0,6.99354508526149,9.73276635417042,0.0,9.544778217544952,0.0,0.0,0.0,0.0,0.0,6.701527590510506,0.0,3.963007455516272,0.0,9.745181705675114
pt_1,0.0,0.0,0.0,0.0,6.851358193276212,6.636000523503723,0.0,0.0,0.0,8.553836040604958,6.812528133897593,3.161355356890768,0.0,10.30944156274676,0.0,7.839185995862849,0.0,0.0,2.808858681978803,9.798749821128595,9.50872343691815,6.902164729549786,7.350925914275418,0.0,10.06280480490166,0.0,0.0,10.19481721839826,0.0,1.14432836690837,0.0,0.0,0.0,0.0,8.518906814952285,0.0,0.0,8.717910308802978,0.0,7.864933286527187,7.259168406307823,0.0,0.0,0.0,0.0,0.0,0.0,0.0,0.0,9.33039003032143,0.0,0.0,0.0,0.0,0.0,8.259362354283057,7.419104123880913,0.0,2.299911146179078,5.71684620568156,0.0,8.049754798419343,0.0,0.0,0.0,9.62785720081151,7.789736124747002,0.0,8.866974913144551,0.0,8.93415712156027,0.0,0.0,10.24719668817442,0.0,0.0,3.713825391882296,0.0,0.0,6.47777345812899,0.0,2.604101372142256,6.450626947649086,2.815410223560497,0.0,0.0,0.0,0.0,0.0,0.0,0.0,0.0,6.614890777622037,0.0,0.0,0.0,7.974085918424921,0.0,0.0,8.19506831951569,0.0,0.0,0.0,0.0,0.0,0.0,5.231725646133887,7.703540522161219,3.190602592534309,7.26200931665372,0.0,0.0,7.703104951499586,10.34273822591484,0.0,0.0,0.0,0.0,0.0,0.0,0.0,10.52648096678485,0.0,0.0,0.0,0.0,0.0,0.0,0.0,0.0,7.349713536085646,0.0,0.0,0.0,0.0,7.050241568137391,0.0,9.207317412980991,0.0,0.0,0.0,0.0,0.0,7.208730249551096,9.863145689721891,1.568137932121409,6.574378113557827,0.0,5.219704541909546,0.0,4.440740353277437,0.0,0.0,0.0,0.0,3.585169130039003,0.0,0.0,1.56706082341047,7.679824835696557,0.0,10.33939809738436,0.0,0.0,0.0,0.0,0.0,0.0,8.642545220929387,0.0,0.0,0.0,0.0,0.0,4.6601477117115,0.0,9.629731274338553,0.0,0.0,0.0,9.062146370233494,3.708578268574256,9.53957502713866,0.0,7.580554971162406,7.639973281269542,6.667829345085212,0.0,0.0,0.0,0.0,0.0,7.411488609955581,9.63862469319695,0.0,8.367928743666763,0.0,0.0,0.0,0.0,0.0,9.451353211265683,8.167940188493192,7.650608472291525,0.0,0.0,0.0,0.0,0.0,0.0,1.266445132661075,0.0,1.283722205224857,7.470946870560293,7.663579885997349,0.0,0.0,0.0,6.677570495107637,0.0,0.0,0.0,0.0,0.0,6.888484148412066,0.0,0.0,4.2832160434995,7.013482810279527,0.0,8.848468900389385,4.470917073094122,0.0,0.0,0.0,0.0,6.99354508526149,9.73276635417042,0.0,9.544778217544952,0.0,0.0,0.0,0.0,0.0,6.701527590510506,0.0,3.963007455516272,0.0,9.745181705675114
pt_2,0.0,0.0,0.0,0.0,6.851358193276212,6.636000523503723,0.0,0.0,0.0,8.553836040604958,6.812528133897593,3.161355356890768,0.0,10.30944156274676,0.0,7.839185995862849,0.0,0.0,2.808858681978803,9.798749821128595,9.50872343691815,6.902164729549786,7.350925914275418,0.0,10.06280480490166,0.0,0.0,10.19481721839826,0.0,1.14432836690837,0.0,0.0,0.0,0.0,8.518906814952285,0.0,0.0,8.717910308802978,0.0,7.864933286527187,7.259168406307823,0.0,0.0,0.0,0.0,0.0,0.0,0.0,0.0,9.33039003032143,0.0,0.0,0.0,0.0,0.0,8.259362354283057,7.419104123880913,0.0,2.299911146179078,5.71684620568156,0.0,8.049754798419343,0.0,0.0,0.0,9.62785720081151,7.789736124747002,0.0,8.866974913144551,0.0,8.93415712156027,0.0,0.0,10.24719668817442,0.0,0.0,3.713825391882296,0.0,0.0,6.47777345812899,0.0,2.604101372142256,6.450626947649086,2.815410223560497,0.0,0.0,0.0,0.0,0.0,0.0,0.0,0.0,6.614890777622037,0.0,0.0,0.0,7.974085918424921,0.0,0.0,8.19506831951569,0.0,0.0,0.0,0.0,0.0,0.0,5.231725646133887,7.703540522161219,3.190602592534309,7.26200931665372,0.0,0.0,7.703104951499586,10.34273822591484,0.0,0.0,0.0,0.0,0.0,0.0,0.0,10.52648096678485,0.0,0.0,0.0,0.0,0.0,0.0,0.0,0.0,7.349713536085646,0.0,0.0,0.0,0.0,7.050241568137391,0.0,9.207317412980991,0.0,0.0,0.0,0.0,0.0,7.208730249551096,9.863145689721891,1.568137932121409,6.574378113557827,0.0,5.219704541909546,0.0,4.440740353277437,0.0,0.0,0.0,0.0,3.585169130039003,0.0,0.0,1.56706082341047,7.679824835696557,0.0,10.33939809738436,0.0,0.0,0.0,0.0,0.0,0.0,8.642545220929387,0.0,0.0,0.0,0.0,0.0,4.6601477117115,0.0,9.629731274338553,0.0,0.0,0.0,9.062146370233494,3.708578268574256,9.53957502713866,0.0,7.580554971162406,7.639973281269542,6.667829345085212,0.0,0.0,0.0,0.0,0.0,7.411488609955581,9.63862469319695,0.0,8.367928743666763,0.0,0.0,0.0,0.0,0.0,9.451353211265683,8.167940188493192,7.650608472291525,0.0,0.0,0.0,0.0,0.0,0.0,1.266445132661075,0.0,1.283722205224857,7.470946870560293,7.663579885997349,0.0,0.0,0.0,6.677570495107637,0.0,0.0,0.0,0.0,0.0,6.888484148412066,0.0,0.0,4.2832160434995,7.013482810279527,0.0,8.848468900389385,4.470917073094122,0.0,0.0,0.0,0.0,6.99354508526149,9.73276635417042,0.0,9.544778217544952,0.0,0.0,0.0,0.0,0.0,6.701527590510506,0.0,3.963007455516272,0.0,9.745181705675114
pt_3,0.0,0.0,0.0,0.0,6.851358193276212,6.636000523503723,0.0,0.0,0.0,8.553836040604958,6.812528133897593,3.161355356890768,0.0,10.30944156274676,0.0,7.839185995862849,0.0,0.0,2.808858681978803,9.798749821128595,9.50872343691815,6.902164729549786,7.350925914275418,0.0,10.06280480490166,0.0,0.0,10.19481721839826,0.0,1.14432836690837,0.0,0.0,0.0,0.0,8.518906814952285,0.0,0.0,8.717910308802978,0.0,7.864933286527187,7.259168406307823,0.0,0.0,0.0,0.0,0.0,0.0,0.0,0.0,9.33039003032143,0.0,0.0,0.0,0.0,0.0,8.259362354283057,7.419104123880913,0.0,2.299911146179078,5.71684620568156,0.0,8.049754798419343,0.0,0.0,0.0,9.62785720081151,7.789736124747002,0.0,8.866974913144551,0.0,8.93415712156027,0.0,0.0,10.24719668817442,0.0,0.0,3.713825391882296,0.0,0.0,6.47777345812899,0.0,2.604101372142256,6.450626947649086,2.815410223560497,0.0,0.0,0.0,0.0,0.0,0.0,0.0,0.0,6.614890777622037,0.0,0.0,0.0,7.974085918424921,0.0,0.0,8.19506831951569,0.0,0.0,0.0,0.0,0.0,0.0,5.231725646133887,7.703540522161219,3.190602592534309,7.26200931665372,0.0,0.0,7.703104951499586,10.34273822591484,0.0,0.0,0.0,0.0,0.0,0.0,0.0,10.52648096678485,0.0,0.0,0.0,0.0,0.0,0.0,0.0,0.0,7.349713536085646,0.0,0.0,0.0,0.0,7.050241568137391,0.0,9.207317412980991,0.0,0.0,0.0,0.0,0.0,7.208730249551096,9.863145689721891,1.568137932121409,6.574378113557827,0.0,5.219704541909546,0.0,4.440740353277437,0.0,0.0,0.0,0.0,3.585169130039003,0.0,0.0,1.56706082341047,7.679824835696557,0.0,10.33939809738436,0.0,0.0,0.0,0.0,0.0,0.0,8.642545220929387,0.0,0.0,0.0,0.0,0.0,4.6601477117115,0.0,9.629731274338553,0.0,0.0,0.0,9.062146370233494,3.708578268574256,9.53957502713866,0.0,7.580554971162406,7.639973281269542,6.667829345085212,0.0,0.0,0.0,0.0,0.0,7.411488609955581,9.63862469319695,0.0,8.367928743666763,0.0,0.0,0.0,0.0,0.0,9.451353211265683,8.167940188493192,7.650608472291525,0.0,0.0,0.0,0.0,0.0,0.0,1.266445132661075,0.0,1.283722205224857,7.470946870560293,7.663579885997349,0.0,0.0,0.0,6.677570495107637,0.0,0.0,0.0,0.0,0.0,6.888484148412066,0.0,0.0,4.2832160434995,7.013482810279527,0.0,8.848468900389385,4.470917073094122,0.0,0.0,0.0,0.0,6.99354508526149,9.73276635417042,0.0,9.544778217544952,0.0,0.0,0.0,0.0,0.0,6.701527590510506,0.0,3.963007455516272,0.0,9.745181705675114
pt_4,0.0,0.0,0.0,0.0,0.0,6.636000523503723,0.0,0.0,0.0,8.553836040604958,5.790648913812954,0.0,0.0,10.30944156274676,0.0,2.743715098551997,0.0,0.0,0.0,9.798749821128595,9.50872343691815,6.902164729549786,0.0,0.0,10.06280480490166,0.0,0.0,10.19481721839826,0.0,0.0,0.0,0.0,0.0,0.0,2.981617385233299,0.0,0.0,1.649334382746509,0.0,7.864933286527187,7.259168406307823,0.0,0.0,0.0,0.0,0.0,0.0,0.0,0.0,9.33039003032143,0.0,0.0,0.0,0.0,0.0,7.020458001140598,7.419104123880913,0.0,0.0,0.0,0.0,3.045853166969481,0.0,0.0,0.0,9.62785720081151,3.310637853017476,0.0,8.866974913144551,0.0,0.0,0.0,0.0,9.478656936561338,0.0,0.0,0.0,0.0,0.0,0.0,0.0,0.0,1.12885971583859,0.0,0.0,0.0,0.0,0.0,0.0,0.0,0.0,0.0,0.0,0.0,0.0,0.0,7.974085918424921,0.0,0.0,8.19506831951569,0.0,0.0,0.0,0.0,0.0,0.0,0.0,7.703540522161219,0.0,7.26200931665372,0.0,0.0,5.969906337412178,10.34273822591484,0.0,0.0,0.0,0.0,10.02796679746843,0.0,0.0,10.52648096678485,0.0,0.0,0.0,0.0,0.0,0.0,0.0,0.0,7.349713536085646,0.0,0.0,0.0,0.0,7.050241568137391,0.0,3.222561094543347,0.0,0.0,0.0,0.0,0.0,7.208730249551096,9.863145689721891,0.0,1.643594528389457,0.0,10.43940908381909,0.0,0.0,0.0,0.0,0.0,0.0,0.0,0.0,0.0,0.0,7.679824835696557,0.0,3.618789334084526,0.0,0.0,0.0,0.0,0.0,0.0,8.642545220929387,0.0,0.0,0.0,0.0,0.0,0.0,0.0,9.629731274338553,0.0,0.0,0.0,9.062146370233494,0.0,9.53957502713866,0.0,7.580554971162406,1.445400350510454,6.667829345085212,0.0,0.0,0.0,0.0,0.0,7.411488609955581,9.63862469319695,0.0,7.112739432116749,0.0,0.0,0.0,0.0,0.0,8.742501720420757,7.555344674356204,7.650608472291525,0.0,4.935213825555512,0.0,0.0,0.0,0.0,0.0,0.0,0.0,2.614831404696103,1.341126480049536,0.0,0.0,0.0,5.675934920841492,0.0,0.0,0.0,0.0,0.0,2.927605763075128,0.0,0.0,0.0,7.013482810279527,0.0,8.848468900389385,0.0,0.0,0.0,0.0,0.0,6.99354508526149,3.682668350226646,0.0,5.72686693052697,0.0,0.0,0.0,0.0,0.0,5.69629845193393,0.0,0.0,4.121617602509247,6.577997651330701
pt_5,0.0,0.0,0.0,0.0,0.0,6.636000523503723,0.0,0.0,0.0,8.553836040604958,5.790648913812954,0.0,0.0,10.30944156274676,0.0,2.743715098551997,0.0,0.0,0.0,9.798749821128595,9.50872343691815,6.902164729549786,0.0,0.0,10.06280480490166,0.0,0.0,10.19481721839826,0.0,0.0,0.0,0.0,0.0,0.0,2.981617385233299,0.0,0.0,1.649334382746509,0.0,7.864933286527187,7.259168406307823,0.0,0.0,0.0,0.0,0.0,0.0,0.0,0.0,9.33039003032143,0.0,0.0,0.0,0.0,0.0,7.020458001140598,7.419104123880913,0.0,0.0,0.0,0.0,3.045853166969481,0.0,0.0,0.0,9.62785720081151,3.310637853017476,0.0,8.866974913144551,0.0,0.0,0.0,0.0,9.478656936561338,0.0,0.0,0.0,0.0,0.0,0.0,0.0,0.0,1.12885971583859,0.0,0.0,0.0,0.0,0.0,0.0,0.0,0.0,0.0,0.0,0.0,0.0,0.0,7.974085918424921,0.0,0.0,8.19506831951569,0.0,0.0,0.0,0.0,0.0,0.0,0.0,7.703540522161219,0.0,7.26200931665372,0.0,0.0,5.969906337412178,10.34273822591484,0.0,0.0,0.0,0.0,10.02796679746843,0.0,0.0,10.52648096678485,0.0,0.0,0.0,0.0,0.0,0.0,0.0,0.0,7.349713536085646,0.0,0.0,0.0,0.0,7.050241568137391,0.0,3.222561094543347,0.0,0.0,0.0,0.0,0.0,7.208730249551096,9.863145689721891,0.0,1.643594528389457,0.0,10.43940908381909,0.0,0.0,0.0,0.0,0.0,0.0,0.0,0.0,0.0,0.0,7.679824835696557,0.0,3.618789334084526,0.0,0.0,0.0,0.0,0.0,0.0,8.642545220929387,0.0,0.0,0.0,0.0,0.0,0.0,0.0,9.629731274338553,0.0,0.0,0.0,9.062146370233494,0.0,9.53957502713866,0.0,7.580554971162406,1.445400350510454,6.667829345085212,0.0,0.0,0.0,0.0,0.0,7.411488609955581,9.63862469319695,0.0,7.112739432116749,0.0,0.0,0.0,0.0,0.0,8.742501720420757,7.555344674356204,7.650608472291525,0.0,4.935213825555512,0.0,0.0,0.0,0.0,0.0,0.0,0.0,2.614831404696103,1.341126480049536,0.0,0.0,0.0,5.675934920841492,0.0,0.0,0.0,0.0,0.0,2.927605763075128,0.0,0.0,0.0,7.013482810279527,0.0,8.848468900389385,0.0,0.0,0.0,0.0,0.0,6.99354508526149,3.682668350226646,0.0,5.72686693052697,0.0,0.0,0.0,0.0,0.0,5.69629845193393,0.0,0.0,4.121617602509247,6.577997651330701
pt_6,0.0,0.0,0.0,0.0,0.0,6.636000523503723,0.0,0.0,0.0,8.553836040604958,5.790648913812954,0.0,0.0,10.30944156274676,0.0,2.743715098551997,0.0,0.0,0.0,9.798749821128595,9.50872343691815,6.902164729549786,0.0,0.0,10.06280480490166,0.0,0.0,10.19481721839826,0.0,0.0,0.0,0.0,0.0,0.0,2.981617385233299,0.0,0.0,1.649334382746509,0.0,7.864933286527187,7.259168406307823,0.0,0.0,0.0,0.0,0.0,0.0,0.0,0.0,9.33039003032143,0.0,0.0,0.0,0.0,0.0,7.020458001140598,7.419104123880913,0.0,0.0,0.0,0.0,3.045853166969481,0.0,0.0,0.0,9.62785720081151,3.310637853017476,0.0,8.866974913144551,0.0,0.0,0.0,0.0,9.478656936561338,0.0,0.0,0.0,0.0,0.0,0.0,0.0,0.0,1.12885971583859,0.0,0.0,0.0,0.0,0.0,0.0,0.0,0.0,0.0,0.0,0.0,0.0,0.0,7.974085918424921,0.0,0.0,8.19506831951569,0.0,0.0,0.0,0.0,0.0,0.0,0.0,7.703540522161219,0.0,7.26200931665372,0.0,0.0,5.969906337412178,10.34273822591484,0.0,0.0,0.0,0.0,10.02796679746843,0.0,0.0,10.52648096678485,0.0,0.0,0.0,0.0,0.0,0.0,0.0,0.0,7.349713536085646,0.0,0.0,0.0,0.0,7.050241568137391,0.0,3.222561094543347,0.0,0.0,0.0,0.0,0.0,7.208730249551096,9.863145689721891,0.0,1.643594528389457,0.0,10.43940908381909,0.0,0.0,0.0,0.0,0.0,0.0,0.0,0.0,0.0,0.0,7.679824835696557,0.0,3.618789334084526,0.0,0.0,0.0,0.0,0.0,0.0,8.642545220929387,0.0,0.0,0.0,0.0,0.0,0.0,0.0,9.629731274338553,0.0,0.0,0.0,9.062146370233494,0.0,9.53957502713866,0.0,7.580554971162406,1.445400350510454,6.667829345085212,0.0,0.0,0.0,0.0,0.0,7.411488609955581,9.63862469319695,0.0,7.112739432116749,0.0,0.0,0.0,0.0,0.0,8.742501720420757,7.555344674356204,7.650608472291525,0.0,4.935213825555512,0.0,0.0,0.0,0.0,0.0,0.0,0.0,2.614831404696103,1.341126480049536,0.0,0.0,0.0,5.675934920841492,0.0,0.0,0.0,0.0,0.0,2.927605763075128,0.0,0.0,0.0,7.013482810279527,0.0,8.848468900389385,0.0,0.0,0.0,0.0,0.0,6.99354508526149,3.682668350226646,0.0,5.72686693052697,0.0,0.0,0.0,0.0,0.0,5.69629845193393,0.0,0.0,4.121617602509247,6.577997651330701
pt_7,0.0,0.0,0.0,0.0,0.0,6.636000523503723,0.0,0.0,0.0,8.553836040604958,5.790648913812954,0.0,0.0,10.30944156274676,0.0,2.743715098551997,0.0,0.0,0.0,9.798749821128595,9.50872343691815,6.902164729549786,0.0,0.0,10.06280480490166,0.0,0.0,10.19481721839826,0.0,0.0,0.0,0.0,0.0,0.0,2.981617385233299,0.0,0.0,1.649334382746509,0.0,7.864933286527187,7.259168406307823,0.0,0.0,0.0,0.0,0.0,0.0,0.0,0.0,9.33039003032143,0.0,0.0,0.0,0.0,0.0,7.020458001140598,7.419104123880913,0.0,0.0,0.0,0.0,3.045853166969481,0.0,0.0,0.0,9.62785720081151,3.310637853017476,0.0,8.866974913144551,0.0,0.0,0.0,0.0,9.478656936561338,0.0,0.0,0.0,0.0,0.0,0.0,0.0,0.0,1.12885971583859,0.0,0.0,0.0,0.0,0.0,0.0,0.0,0.0,0.0,0.0,0.0,0.0,0.0,7.974085918424921,0.0,0.0,8.19506831951569,0.0,0.0,0.0,0.0,0.0,0.0,0.0,7.703540522161219,0.0,7.26200931665372,0.0,0.0,5.969906337412178,10.34273822591484,0.0,0.0,0.0,0.0,10.02796679746843,0.0,0.0,10.52648096678485,0.0,0.0,0.0,0.0,0.0,0.0,0.0,0.0,7.349713536085646,0.0,0.0,0.0,0.0,7.050241568137391,0.0,3.222561094543347,0.0,0.0,0.0,0.0,0.0,7.208730249551096,9.863145689721891,0.0,1.643594528389457,0.0,10.43940908381909,0.0,0.0,0.0,0.0,0.0,0.0,0.0,0.0,0.0,0.0,7.679824835696557,0.0,3.618789334084526,0.0,0.0,0.0,0.0,0.0,0.0,8.642545220929387,0.0,0.0,0.0,0.0,0.0,0.0,0.0,9.629731274338553,0.0,0.0,0.0,9.062146370233494,0.0,9.53957502713866,0.0,7.580554971162406,1.445400350510454,6.667829345085212,0.0,0.0,0.0,0.0,0.0,7.411488609955581,9.63862469319695,0.0,7.112739432116749,0.0,0.0,0.0,0.0,0.0,8.742501720420757,7.555344674356204,7.650608472291525,0.0,4.935213825555512,0.0,0.0,0.0,0.0,0.0,0.0,0.0,2.614831404696103,1.341126480049536,0.0,0.0,0.0,5.675934920841492,0.0,0.0,0.0,0.0,0.0,2.927605763075128,0.0,0.0,0.0,7.013482810279527,0.0,8.848468900389385,0.0,0.0,0.0,0.0,0.0,6.99354508526149,3.682668350226646,0.0,5.72686693052697,0.0,0.0,0.0,0.0,0.0,5.69629845193393,0.0,0.0,4.121617602509247,6.577997651330701
pt_8,0.0,0.0,0.0,0.0,0.0,5.640600444978165,0.0,0.0,0.0,8.553836040604958,1.192192423432079,0.0,0.0,10.30944156274676,0.0,0.0,0.0,0.0,0.0,8.328937347959306,5.705234062150889,6.384502374833552,0.0,0.0,3.521981681715581,0.0,0.0,10.19481721839826,0.0,0.0,0.0,0.0,0.0,0.0,0.0,0.0,0.0,0.0,0.0,7.864933286527187,7.259168406307823,0.0,0.0,0.0,0.0,0.0,0.0,0.0,0.0,5.598234018192858,0.0,0.0,0.0,0.0,0.0,2.89077682399907,7.419104123880913,0.0,0.0,0.0,0.0,0.0,0.0,0.0,0.0,5.776714320486906,0.0,0.0,5.32018494788673,0.0,0.0,0.0,0.0,3.586518840861047,0.0,0.0,0.0,0.0,0.0,0.0,0.0,0.0,0.0,0.0,0.0,0.0,0.0,0.0,0.0,0.0,0.0,0.0,0.0,0.0,0.0,0.0,6.179916586779313,0.0,0.0,8.19506831951569,0.0,0.0,0.0,0.0,0.0,0.0,0.0,7.703540522161219,0.0,5.628057220406633,0.0,0.0,2.696086733024855,10.34273822591484,0.0,0.0,0.0,0.0,10.02796679746843,0.0,0.0,10.52648096678485,0.0,0.0,0.0,0.0,0.0,0.0,0.0,0.0,7.349713536085646,0.0,0.0,0.0,0.0,7.050241568137391,0.0,0.0,0.0,0.0,0.0,0.0,0.0,7.208730249551096,9.12340976299275,0.0,0.0,0.0,10.43940908381909,0.0,0.0,0.0,0.0,0.0,0.0,0.0,0.0,0.0,0.0,6.527851110342073,0.0,0.0,0.0,0.0,0.0,0.0,0.0,0.0,8.642545220929387,0.0,0.0,0.0,0.0,0.0,0.0,0.0,8.907501428763162,0.0,0.0,0.0,9.062146370233494,0.0,9.53957502713866,7.980427148522173,7.580554971162406,0.0,2.333740270779824,0.0,0.0,0.0,0.0,0.0,7.411488609955581,8.192830989217407,0.0,5.857550120566734,0.0,0.0,0.0,0.0,0.0,1.653986811971494,1.429389532986309,7.650608472291525,0.0,9.870427651111024,0.0,0.0,0.0,0.0,0.0,0.0,0.0,0.0,0.0,0.0,0.0,0.0,2.337149673287673,0.0,0.0,0.0,0.0,0.0,0.0,0.0,0.0,0.0,2.454718983597834,0.0,7.521198565330977,0.0,0.0,0.0,0.0,0.0,6.99354508526149,0.0,0.0,0.0,0.0,0.0,0.0,0.0,0.0,0.0,0.0,0.0,8.243235205018493,0.0
pt_9,0.0,0.0,0.0,0.0,0.0,5.640600444978165,0.0,0.0,0.0,8.553836040604958,1.192192423432079,0.0,0.0,10.30944156274676,0.0,0.0,0.0,0.0,0.0,8.328937347959306,5.705234062150889,6.384502374833552,0.0,0.0,3.521981681715581,0.0,0.0,10.19481721839826,0.0,0.0,0.0,0.0,0.0,0.0,0.0,0.0,0.0,0.0,0.0,7.864933286527187,7.259168406307823,0.0,0.0,0.0,0.0,0.0,0.0,0.0,0.0,5.598234018192858,0.0,0.0,0.0,0.0,0.0,2.89077682399907,7.419104123880913,0.0,0.0,0.0,0.0,0.0,0.0,0.0,0.0,5.776714320486906,0.0,0.0,5.32018494788673,0.0,0.0,0.0,0.0,3.586518840861047,0.0,0.0,0.0,0.0,0.0,0.0,0.0,0.0,0.0,0.0,0.0,0.0,0.0,0.0,0.0,0.0,0.0,0.0,0.0,0.0,0.0,0.0,6.179916586779313,0.0,0.0,8.19506831951569,0.0,0.0,0.0,0.0,0.0,0.0,0.0,7.703540522161219,0.0,5.628057220406633,0.0,0.0,2.696086733024855,10.34273822591484,0.0,0.0,0.0,0.0,10.02796679746843,0.0,0.0,10.52648096678485,0.0,0.0,0.0,0.0,0.0,0.0,0.0,0.0,7.349713536085646,0.0,0.0,0.0,0.0,7.050241568137391,0.0,0.0,0.0,0.0,0.0,0.0,0.0,7.208730249551096,9.12340976299275,0.0,0.0,0.0,10.43940908381909,0.0,0.0,0.0,0.0,0.0,0.0,0.0,0.0,0.0,0.0,6.527851110342073,0.0,0.0,0.0,0.0,0.0,0.0,0.0,0.0,8.642545220929387,0.0,0.0,0.0,0.0,0.0,0.0,0.0,8.907501428763162,0.0,0.0,0.0,9.062146370233494,0.0,9.53957502713866,7.980427148522173,7.580554971162406,0.0,2.333740270779824,0.0,0.0,0.0,0.0,0.0,7.411488609955581,8.192830989217407,0.0,5.857550120566734,0.0,0.0,0.0,0.0,0.0,1.653986811971494,1.429389532986309,7.650608472291525,0.0,9.870427651111024,0.0,0.0,0.0,0.0,0.0,0.0,0.0,0.0,0.0,0.0,0.0,0.0,2.337149673287673,0.0,0.0,0.0,0.0,0.0,0.0,0.0,0.0,0.0,2.454718983597834,0.0,7.521198565330977,0.0,0.0,0.0,0.0,0.0,6.99354508526149,0.0,0.0,0.0,0.0,0.0,0.0,0.0,0.0,0.0,0.0,0.0,8.243235205018493,0.0
pt_10,0.0,0.0,0.0,0.0,0.0,5.640600444978165,0.0,0.0,0.0,8.553836040604958,1.192192423432079,0.0,0.0,10.30944156274676,0.0,0.0,0.0,0.0,0.0,8.328937347959306,5.705234062150889,6.384502374833552,0.0,0.0,3.521981681715581,0.0,0.0,10.19481721839826,0.0,0.0,0.0,0.0,0.0,0.0,0.0,0.0,0.0,0.0,0.0,7.864933286527187,7.259168406307823,0.0,0.0,0.0,0.0,0.0,0.0,0.0,0.0,5.598234018192858,0.0,0.0,0.0,0.0,0.0,2.89077682399907,7.419104123880913,0.0,0.0,0.0,0.0,0.0,0.0,0.0,0.0,5.776714320486906,0.0,0.0,5.32018494788673,0.0,0.0,0.0,0.0,3.586518840861047,0.0,0.0,0.0,0.0,0.0,0.0,0.0,0.0,0.0,0.0,0.0,0.0,0.0,0.0,0.0,0.0,0.0,0.0,0.0,0.0,0.0,0.0,6.179916586779313,0.0,0.0,8.19506831951569,0.0,0.0,0.0,0.0,0.0,0.0,0.0,7.703540522161219,0.0,5.628057220406633,0.0,0.0,2.696086733024855,10.34273822591484,0.0,0.0,0.0,0.0,10.02796679746843,0.0,0.0,10.52648096678485,0.0,0.0,0.0,0.0,0.0,0.0,0.0,0.0,7.349713536085646,0.0,0.0,0.0,0.0,7.050241568137391,0.0,0.0,0.0,0.0,0.0,0.0,0.0,7.208730249551096,9.12340976299275,0.0,0.0,0.0,10.43940908381909,0.0,0.0,0.0,0.0,0.0,0.0,0.0,0.0,0.0,0.0,6.527851110342073,0.0,0.0,0.0,0.0,0.0,0.0,0.0,0.0,8.642545220929387,0.0,0.0,0.0,0.0,0.0,0.0,0.0,8.907501428763162,0.0,0.0,0.0,9.062146370233494,0.0,9.53957502713866,7.980427148522173,7.580554971162406,0.0,2.333740270779824,0.0,0.0,0.0,0.0,0.0,7.411488609955581,8.192830989217407,0.0,5.857550120566734,0.0,0.0,0.0,0.0,0.0,1.653986811971494,1.429389532986309,7.650608472291525,0.0,9.870427651111024,0.0,0.0,0.0,0.0,0.0,0.0,0.0,0.0,0.0,0.0,0.0,0.0,2.337149673287673,0.0,0.0,0.0,0.0,0.0,0.0,0.0,0.0,0.0,2.454718983597834,0.0,7.521198565330977,0.0,0.0,0.0,0.0,0.0,6.99354508526149,0.0,0.0,0.0,0.0,0.0,0.0,0.0,0.0,0.0,0.0,0.0,8.243235205018493,0.0
pt_11,0.0,0.0,0.0,0.0,0.0,5.640600444978165,0.0,0.0,0.0,8.553836040604958,1.192192423432079,0.0,0.0,10.30944156274676,0.0,0.0,0.0,0.0,0.0,8.328937347959306,5.705234062150889,6.384502374833552,0.0,0.0,3.521981681715581,0.0,0.0,10.19481721839826,0.0,0.0,0.0,0.0,0.0,0.0,0.0,0.0,0.0,0.0,0.0,7.864933286527187,7.259168406307823,0.0,0.0,0.0,0.0,0.0,0.0,0.0,0.0,5.598234018192858,0.0,0.0,0.0,0.0,0.0,2.89077682399907,7.419104123880913,0.0,0.0,0.0,0.0,0.0,0.0,0.0,0.0,5.776714320486906,0.0,0.0,5.32018494788673,0.0,0.0,0.0,0.0,3.586518840861047,0.0,0.0,0.0,0.0,0.0,0.0,0.0,0.0,0.0,0.0,0.0,0.0,0.0,0.0,0.0,0.0,0.0,0.0,0.0,0.0,0.0,0.0,6.179916586779313,0.0,0.0,8.19506831951569,0.0,0.0,0.0,0.0,0.0,0.0,0.0,7.703540522161219,0.0,5.628057220406633,0.0,0.0,2.696086733024855,10.34273822591484,0.0,0.0,0.0,0.0,10.02796679746843,0.0,0.0,10.52648096678485,0.0,0.0,0.0,0.0,0.0,0.0,0.0,0.0,7.349713536085646,0.0,0.0,0.0,0.0,7.050241568137391,0.0,0.0,0.0,0.0,0.0,0.0,0.0,7.208730249551096,9.12340976299275,0.0,0.0,0.0,10.43940908381909,0.0,0.0,0.0,0.0,0.0,0.0,0.0,0.0,0.0,0.0,6.527851110342073,0.0,0.0,0.0,0.0,0.0,0.0,0.0,0.0,8.642545220929387,0.0,0.0,0.0,0.0,0.0,0.0,0.0,8.907501428763162,0.0,0.0,0.0,9.062146370233494,0.0,9.53957502713866,7.980427148522173,7.580554971162406,0.0,2.333740270779824,0.0,0.0,0.0,0.0,0.0,7.411488609955581,8.192830989217407,0.0,5.857550120566734,0.0,0.0,0.0,0.0,0.0,1.653986811971494,1.429389532986309,7.650608472291525,0.0,9.870427651111024,0.0,0.0,0.0,0.0,0.0,0.0,0.0,0.0,0.0,0.0,0.0,0.0,2.337149673287673,0.0,0.0,0.0,0.0,0.0,0.0,0.0,0.0,0.0,2.454718983597834,0.0,7.521198565330977,0.0,0.0,0.0,0.0,0.0,6.99354508526149,0.0,0.0,0.0,0.0,0.0,0.0,0.0,0.0,0.0,0.0,0.0,8.243235205018493,0.0
pt_12,0.0,0.0,0.0,0.0,0.0,0.0,0.0,0.0,0.0,8.553836040604958,0.0,0.0,0.0,8.763025328334749,0.0,0.0,0.0,0.0,0.0,0.0,0.0,2.415757655342425,0.0,0.0,0.0,0.0,0.0,10.19481721839826,0.0,0.0,0.0,0.0,0.0,0.0,0.0,0.0,0.0,0.0,0.0,4.718959971916313,7.259168406307823,0.0,0.0,0.0,0.0,0.0,0.0,0.0,0.0,0.0,0.0,0.0,0.0,0.0,0.0,0.0,7.419104123880913,0.0,0.0,0.0,0.0,0.0,0.0,0.0,0.0,0.0,0.0,0.0,0.0,0.0,0.0,0.0,0.0,0.0,0.0,0.0,0.0,0.0,0.0,0.0,0.0,0.0,0.0,0.0,0.0,0.0,0.0,0.0,0.0,0.0,0.0,0.0,0.0,0.0,0.0,0.0,0.0,0.0,0.0,8.19506831951569,0.0,0.0,0.0,0.0,0.0,0.0,0.0,7.703540522161219,0.0,1.270851630414401,0.0,0.0,0.0,8.015622125084004,0.0,0.0,0.0,0.0,10.02796679746843,0.0,0.0,7.368536676749393,0.0,0.0,0.0,0.0,0.0,0.0,0.0,0.0,7.349713536085646,10.56904622089516,0.0,0.0,0.0,7.050241568137391,0.0,0.0,0.0,0.0,0.0,0.0,0.0,7.208730249551096,1.726050495701331,0.0,0.0,0.0,10.43940908381909,0.0,0.0,0.0,0.0,0.0,0.0,0.0,0.0,0.0,0.0,0.0,0.0,0.0,0.0,0.0,0.0,0.0,0.0,0.0,7.994354329359683,0.0,0.0,0.0,0.0,0.0,0.0,0.0,1.685202973009247,0.0,0.0,0.0,6.343502459163446,0.0,9.53957502713866,9.84252681651068,7.580554971162406,0.0,0.0,0.0,0.0,0.0,0.0,0.0,7.411488609955581,0.0,0.0,0.0,0.0,0.0,0.0,0.0,0.0,0.0,0.0,6.503017201447796,0.0,9.870427651111024,0.0,0.0,0.0,0.0,0.0,0.0,0.0,0.0,0.0,0.0,0.0,0.0,0.0,0.0,0.0,0.0,0.0,0.0,0.0,0.0,0.0,0.0,0.0,0.0,0.0,0.0,0.0,0.0,0.0,0.0,5.419997441077654,0.0,0.0,0.0,0.0,0.0,0.0,0.0,0.0,0.0,0.0,0.0,1.442566160878236,0.0
pt_13,0.0,0.0,0.0,0.0,0.0,0.0,0.0,0.0,0.0,8.553836040604958,0.0,0.0,0.0,8.763025328334749,0.0,0.0,0.0,0.0,0.0,0.0,0.0,2.415757655342425,0.0,0.0,0.0,0.0,0.0,10.19481721839826,0.0,0.0,0.0,0.0,0.0,0.0,0.0,0.0,0.0,0.0,0.0,4.718959971916313,7.259168406307823,0.0,0.0,0.0,0.0,0.0,0.0,0.0,0.0,0.0,0.0,0.0,0.0,0.0,0.0,0.0,7.419104123880913,0.0,0.0,0.0,0.0,0.0,0.0,0.0,0.0,0.0,0.0,0.0,0.0,0.0,0.0,0.0,0.0,0.0,0.0,0.0,0.0,0.0,0.0,0.0,0.0,0.0,0.0,0.0,0.0,0.0,0.0,0.0,0.0,0.0,0.0,0.0,0.0,0.0,0.0,0.0,0.0,0.0,0.0,8.19506831951569,0.0,0.0,0.0,0.0,0.0,0.0,0.0,7.703540522161219,0.0,1.270851630414401,0.0,0.0,0.0,8.015622125084004,0.0,0.0,0.0,0.0,10.02796679746843,0.0,0.0,7.368536676749393,0.0,0.0,0.0,0.0,0.0,0.0,0.0,0.0,7.349713536085646,10.56904622089516,0.0,0.0,0.0,7.050241568137391,0.0,0.0,0.0,0.0,0.0,0.0,0.0,7.208730249551096,1.726050495701331,0.0,0.0,0.0,10.43940908381909,0.0,0.0,0.0,0.0,0.0,0.0,0.0,0.0,0.0,0.0,0.0,0.0,0.0,0.0,0.0,0.0,0.0,0.0,0.0,7.994354329359683,0.0,0.0,0.0,0.0,0.0,0.0,0.0,1.685202973009247,0.0,0.0,0.0,6.343502459163446,0.0,9.53957502713866,9.84252681651068,7.580554971162406,0.0,0.0,0.0,0.0,0.0,0.0,0.0,7.411488609955581,0.0,0.0,0.0,0.0,0.0,0.0,0.0,0.0,0.0,0.0,6.503017201447796,0.0,9.870427651111024,0.0,0.0,0.0,0.0,0.0,0.0,0.0,0.0,0.0,0.0,0.0,0.0,0.0,0.0,0.0,0.0,0.0,0.0,0.0,0.0,0.0,0.0,0.0,0.0,0.0,0.0,0.0,0.0,0.0,0.0,5.419997441077654,0.0,0.0,0.0,0.0,0.0,0.0,0.0,0.0,0.0,0.0,0.0,1.442566160878236,0.0
pt_14,0.0,0.0,0.0,0.0,0.0,0.0,0.0,0.0,0.0,8.553836040604958,0.0,0.0,0.0,8.763025328334749,0.0,0.0,0.0,0.0,0.0,0.0,0.0,2.415757655342425,0.0,0.0,0.0,0.0,0.0,10.19481721839826,0.0,0.0,0.0,0.0,0.0,0.0,0.0,0.0,0.0,0.0,0.0,4.718959971916313,7.259168406307823,0.0,0.0,0.0,0.0,0.0,0.0,0.0,0.0,0.0,0.0,0.0,0.0,0.0,0.0,0.0,7.419104123880913,0.0,0.0,0.0,0.0,0.0,0.0,0.0,0.0,0.0,0.0,0.0,0.0,0.0,0.0,0.0,0.0,0.0,0.0,0.0,0.0,0.0,0.0,0.0,0.0,0.0,0.0,0.0,0.0,0.0,0.0,0.0,0.0,0.0,0.0,0.0,0.0,0.0,0.0,0.0,0.0,0.0,0.0,8.19506831951569,0.0,0.0,0.0,0.0,0.0,0.0,0.0,7.703540522161219,0.0,1.270851630414401,0.0,0.0,0.0,8.015622125084004,0.0,0.0,0.0,0.0,10.02796679746843,0.0,0.0,7.368536676749393,0.0,0.0,0.0,0.0,0.0,0.0,0.0,0.0,7.349713536085646,10.56904622089516,0.0,0.0,0.0,7.050241568137391,0.0,0.0,0.0,0.0,0.0,0.0,0.0,7.208730249551096,1.726050495701331,0.0,0.0,0.0,10.43940908381909,0.0,0.0,0.0,0.0,0.0,0.0,0.0,0.0,0.0,0.0,0.0,0.0,0.0,0.0,0.0,0.0,0.0,0.0,0.0,7.994354329359683,0.0,0.0,0.0,0.0,0.0,0.0,0.0,1.685202973009247,0.0,0.0,0.0,6.343502459163446,0.0,9.53957502713866,9.84252681651068,7.580554971162406,0.0,0.0,0.0,0.0,0.0,0.0,0.0,7.411488609955581,0.0,0.0,0.0,0.0,0.0,0.0,0.0,0.0,0.0,0.0,6.503017201447796,0.0,9.870427651111024,0.0,0.0,0.0,0.0,0.0,0.0,0.0,0.0,0.0,0.0,0.0,0.0,0.0,0.0,0.0,0.0,0.0,0.0,0.0,0.0,0.0,0.0,0.0,0.0,0.0,0.0,0.0,0.0,0.0,0.0,5.419997441077654,0.0,0.0,0.0,0.0,0.0,0.0,0.0,0.0,0.0,0.0,0.0,1.442566160878236,0.0
pt_15,0.0,0.0,0.0,0.0,0.0,0.0,0.0,0.0,0.0,8.553836040604958,0.0,0.0,0.0,8.763025328334749,0.0,0.0,0.0,0.0,0.0,0.0,0.0,2.415757655342425,0.0,0.0,0.0,0.0,0.0,10.19481721839826,0.0,0.0,0.0,0.0,0.0,0.0,0.0,0.0,0.0,0.0,0.0,4.718959971916313,7.259168406307823,0.0,0.0,0.0,0.0,0.0,0.0,0.0,0.0,0.0,0.0,0.0,0.0,0.0,0.0,0.0,7.419104123880913,0.0,0.0,0.0,0.0,0.0,0.0,0.0,0.0,0.0,0.0,0.0,0.0,0.0,0.0,0.0,0.0,0.0,0.0,0.0,0.0,0.0,0.0,0.0,0.0,0.0,0.0,0.0,0.0,0.0,0.0,0.0,0.0,0.0,0.0,0.0,0.0,0.0,0.0,0.0,0.0,0.0,0.0,8.19506831951569,0.0,0.0,0.0,0.0,0.0,0.0,0.0,7.703540522161219,0.0,1.270851630414401,0.0,0.0,0.0,8.015622125084004,0.0,0.0,0.0,0.0,10.02796679746843,0.0,0.0,7.368536676749393,0.0,0.0,0.0,0.0,0.0,0.0,0.0,0.0,7.349713536085646,10.56904622089516,0.0,0.0,0.0,7.050241568137391,0.0,0.0,0.0,0.0,0.0,0.0,0.0,7.208730249551096,1.726050495701331,0.0,0.0,0.0,10.43940908381909,0.0,0.0,0.0,0.0,0.0,0.0,0.0,0.0,0.0,0.0,0.0,0.0,0.0,0.0,0.0,0.0,0.0,0.0,0.0,7.994354329359683,0.0,0.0,0.0,0.0,0.0,0.0,0.0,1.685202973009247,0.0,0.0,0.0,6.343502459163446,0.0,9.53957502713866,9.84252681651068,7.580554971162406,0.0,0.0,0.0,0.0,0.0,0.0,0.0,7.411488609955581,0.0,0.0,0.0,0.0,0.0,0.0,0.0,0.0,0.0,0.0,6.503017201447796,0.0,9.870427651111024,0.0,0.0,0.0,0.0,0.0,0.0,0.0,0.0,0.0,0.0,0.0,0.0,0.0,0.0,0.0,0.0,0.0,0.0,0.0,0.0,0.0,0.0,0.0,0.0,0.0,0.0,0.0,0.0,0.0,0.0,5.419997441077654,0.0,0.0,0.0,0.0,0.0,0.0,0.0,0.0,0.0,0.0,0.0,1.442566160878236,0.0
pt_16,0.0,0.0,0.0,0.0,0.0,0.0,0.0,0.0,0.0,6.629222931468842,0.0,0.0,0.0,1.804152273480684,0.0,0.0,0.0,0.0,0.0,0.0,0.0,0.0,0.0,0.0,0.0,0.0,0.0,6.881501622418826,0.0,0.0,0.0,0.0,0.0,0.0,0.0,0.0,0.0,0.0,0.0,0.0,7.259168406307823,0.0,0.0,0.0,0.0,0.0,0.0,0.0,0.0,0.0,0.0,0.0,0.0,0.0,0.0,0.0,7.419104123880913,0.0,0.0,0.0,0.0,0.0,0.0,0.0,0.0,0.0,0.0,0.0,0.0,0.0,0.0,0.0,0.0,0.0,0.0,0.0,0.0,0.0,0.0,0.0,0.0,0.0,0.0,0.0,0.0,0.0,0.0,0.0,0.0,0.0,0.0,0.0,0.0,0.0,0.0,0.0,0.0,0.0,0.0,8.19506831951569,0.0,0.0,0.0,0.0,0.0,0.0,0.0,4.04435877413464,0.0,0.0,0.0,0.0,0.0,0.0,0.0,0.0,0.0,0.0,7.771674268038032,0.0,0.0,7.368536676749393,0.0,0.0,0.0,0.0,0.0,0.0,0.0,0.0,6.247256505672799,10.56904622089516,0.0,0.0,0.0,7.050241568137391,0.0,0.0,0.0,0.0,0.0,0.0,0.0,3.784583381014325,0.0,0.0,0.0,0.0,10.43940908381909,0.0,0.0,0.0,0.0,0.0,0.0,0.0,0.0,0.0,0.0,0.0,0.0,0.0,2.54919092236027,0.0,0.0,0.0,0.0,0.0,3.024890827325285,0.0,0.0,0.0,0.0,0.0,0.0,0.0,0.0,0.0,0.0,0.0,1.585875614790861,0.0,9.53957502713866,0.0,5.874930102650865,0.0,0.0,0.0,0.0,0.0,0.0,0.0,7.411488609955581,0.0,0.0,0.0,0.0,0.0,0.0,0.0,0.0,0.0,0.0,2.677712965302034,0.0,5.922256590666614,0.0,0.0,0.0,0.0,0.0,0.0,0.0,0.0,0.0,0.0,0.0,0.0,0.0,0.0,0.0,0.0,0.0,0.0,0.0,0.0,0.0,0.0,0.0,0.0,0.0,0.0,0.0,0.0,0.0,0.0,0.0,0.0,0.0,0.0,0.0,0.0,0.0,0.0,0.0,0.0,0.0,0.0,0.0,0.0
pt_17,0.0,0.0,0.0,0.0,0.0,0.0,0.0,0.0,0.0,6.629222931468842,0.0,0.0,0.0,1.804152273480684,0.0,0.0,0.0,0.0,0.0,0.0,0.0,0.0,0.0,0.0,0.0,0.0,0.0,6.881501622418826,0.0,0.0,0.0,0.0,0.0,0.0,0.0,0.0,0.0,0.0,0.0,0.0,7.259168406307823,0.0,0.0,0.0,0.0,0.0,0.0,0.0,0.0,0.0,0.0,0.0,0.0,0.0,0.0,0.0,7.419104123880913,0.0,0.0,0.0,0.0,0.0,0.0,0.0,0.0,0.0,0.0,0.0,0.0,0.0,0.0,0.0,0.0,0.0,0.0,0.0,0.0,0.0,0.0,0.0,0.0,0.0,0.0,0.0,0.0,0.0,0.0,0.0,0.0,0.0,0.0,0.0,0.0,0.0,0.0,0.0,0.0,0.0,0.0,8.19506831951569,0.0,0.0,0.0,0.0,0.0,0.0,0.0,4.04435877413464,0.0,0.0,0.0,0.0,0.0,0.0,0.0,0.0,0.0,0.0,7.771674268038032,0.0,0.0,7.368536676749393,0.0,0.0,0.0,0.0,0.0,0.0,0.0,0.0,6.247256505672799,10.56904622089516,0.0,0.0,0.0,7.050241568137391,0.0,0.0,0.0,0.0,0.0,0.0,0.0,3.784583381014325,0.0,0.0,0.0,0.0,10.43940908381909,0.0,0.0,0.0,0.0,0.0,0.0,0.0,0.0,0.0,0.0,0.0,0.0,0.0,2.54919092236027,0.0,0.0,0.0,0.0,0.0,3.024890827325285,0.0,0.0,0.0,0.0,0.0,0.0,0.0,0.0,0.0,0.0,0.0,1.585875614790861,0.0,9.53957502713866,0.0,5.874930102650865,0.0,0.0,0.0,0.0,0.0,0.0,0.0,7.411488609955581,0.0,0.0,0.0,0.0,0.0,0.0,0.0,0.0,0.0,0.0,2.677712965302034,0.0,5.922256590666614,0.0,0.0,0.0,0.0,0.0,0.0,0.0,0.0,0.0,0.0,0.0,0.0,0.0,0.0,0.0,0.0,0.0,0.0,0.0,0.0,0.0,0.0,0.0,0.0,0.0,0.0,0.0,0.0,0.0,0.0,0.0,0.0,0.0,0.0,0.0,0.0,0.0,0.0,0.0,0.0,0.0,0.0,0.0,0.0
pt_18,0.0,0.0,0.0,0.0,0.0,0.0,0.0,0.0,0.0,6.629222931468842,0.0,0.0,0.0,1.804152273480684,0.0,0.0,0.0,0.0,0.0,0.0,0.0,0.0,0.0,0.0,0.0,0.0,0.0,6.881501622418826,0.0,0.0,0.0,0.0,0.0,0.0,0.0,0.0,0.0,0.0,0.0,0.0,7.259168406307823,0.0,0.0,0.0,0.0,0.0,0.0,0.0,0.0,0.0,0.0,0.0,0.0,0.0,0.0,0.0,7.419104123880913,0.0,0.0,0.0,0.0,0.0,0.0,0.0,0.0,0.0,0.0,0.0,0.0,0.0,0.0,0.0,0.0,0.0,0.0,0.0,0.0,0.0,0.0,0.0,0.0,0.0,0.0,0.0,0.0,0.0,0.0,0.0,0.0,0.0,0.0,0.0,0.0,0.0,0.0,0.0,0.0,0.0,0.0,8.19506831951569,0.0,0.0,0.0,0.0,0.0,0.0,0.0,4.04435877413464,0.0,0.0,0.0,0.0,0.0,0.0,0.0,0.0,0.0,0.0,7.771674268038032,0.0,0.0,7.368536676749393,0.0,0.0,0.0,0.0,0.0,0.0,0.0,0.0,6.247256505672799,10.56904622089516,0.0,0.0,0.0,7.050241568137391,0.0,0.0,0.0,0.0,0.0,0.0,0.0,3.784583381014325,0.0,0.0,0.0,0.0,10.43940908381909,0.0,0.0,0.0,0.0,0.0,0.0,0.0,0.0,0.0,0.0,0.0,0.0,0.0,2.54919092236027,0.0,0.0,0.0,0.0,0.0,3.024890827325285,0.0,0.0,0.0,0.0,0.0,0.0,0.0,0.0,0.0,0.0,0.0,1.585875614790861,0.0,9.53957502713866,0.0,5.874930102650865,0.0,0.0,0.0,0.0,0.0,0.0,0.0,7.411488609955581,0.0,0.0,0.0,0.0,0.0,0.0,0.0,0.0,0.0,0.0,2.677712965302034,0.0,5.922256590666614,0.0,0.0,0.0,0.0,0.0,0.0,0.0,0.0,0.0,0.0,0.0,0.0,0.0,0.0,0.0,0.0,0.0,0.0,0.0,0.0,0.0,0.0,0.0,0.0,0.0,0.0,0.0,0.0,0.0,0.0,0.0,0.0,0.0,0.0,0.0,0.0,0.0,0.0,0.0,0.0,0.0,0.0,0.0,0.0
pt_19,0.0,0.0,0.0,0.0,0.0,0.0,0.0,0.0,0.0,6.629222931468842,0.0,0.0,0.0,1.804152273480684,0.0,0.0,0.0,0.0,0.0,0.0,0.0,0.0,0.0,0.0,0.0,0.0,0.0,6.881501622418826,0.0,0.0,0.0,0.0,0.0,0.0,0.0,0.0,0.0,0.0,0.0,0.0,7.259168406307823,0.0,0.0,0.0,0.0,0.0,0.0,0.0,0.0,0.0,0.0,0.0,0.0,0.0,0.0,0.0,7.419104123880913,0.0,0.0,0.0,0.0,0.0,0.0,0.0,0.0,0.0,0.0,0.0,0.0,0.0,0.0,0.0,0.0,0.0,0.0,0.0,0.0,0.0,0.0,0.0,0.0,0.0,0.0,0.0,0.0,0.0,0.0,0.0,0.0,0.0,0.0,0.0,0.0,0.0,0.0,0.0,0.0,0.0,0.0,8.19506831951569,0.0,0.0,0.0,0.0,0.0,0.0,0.0,4.04435877413464,0.0,0.0,0.0,0.0,0.0,0.0,0.0,0.0,0.0,0.0,7.771674268038032,0.0,0.0,7.368536676749393,0.0,0.0,0.0,0.0,0.0,0.0,0.0,0.0,6.247256505672799,10.56904622089516,0.0,0.0,0.0,7.050241568137391,0.0,0.0,0.0,0.0,0.0,0.0,0.0,3.784583381014325,0.0,0.0,0.0,0.0,10.43940908381909,0.0,0.0,0.0,0.0,0.0,0.0,0.0,0.0,0.0,0.0,0.0,0.0,0.0,2.54919092236027,0.0,0.0,0.0,0.0,0.0,3.024890827325285,0.0,0.0,0.0,0.0,0.0,0.0,0.0,0.0,0.0,0.0,0.0,1.585875614790861,0.0,9.53957502713866,0.0,5.874930102650865,0.0,0.0,0.0,0.0,0.0,0.0,0.0,7.411488609955581,0.0,0.0,0.0,0.0,0.0,0.0,0.0,0.0,0.0,0.0,2.677712965302034,0.0,5.922256590666614,0.0,0.0,0.0,0.0,0.0,0.0,0.0,0.0,0.0,0.0,0.0,0.0,0.0,0.0,0.0,0.0,0.0,0.0,0.0,0.0,0.0,0.0,0.0,0.0,0.0,0.0,0.0,0.0,0.0,0.0,0.0,0.0,0.0,0.0,0.0,0.0,0.0,0.0,0.0,0.0,0.0,0.0,0.0,0.0
pt_20,0.0,0.0,0.0,0.0,0.0,0.0,0.0,0.0,0.0,0.0,0.0,0.0,0.0,0.0,0.0,0.0,0.0,0.0,0.0,0.0,0.0,0.0,0.0,0.0,0.0,0.0,0.0,0.0,0.0,0.0,0.0,0.0,0.0,0.0,0.0,0.0,0.0,0.0,0.0,0.0,5.625855514888563,0.0,0.0,0.0,0.0,0.0,0.0,0.0,0.0,0.0,0.0,0.0,0.0,0.0,0.0,0.0,7.419104123880913,0.0,0.0,0.0,0.0,0.0,0.0,0.0,0.0,0.0,0.0,0.0,0.0,0.0,0.0,0.0,0.0,0.0,0.0,0.0,0.0,0.0,0.0,0.0,0.0,0.0,0.0,0.0,0.0,0.0,0.0,0.0,0.0,0.0,0.0,0.0,0.0,0.0,0.0,0.0,0.0,0.0,0.0,7.580438195552012,0.0,0.0,0.0,0.0,0.0,0.0,0.0,0.0,0.0,0.0,0.0,0.0,0.0,0.0,0.0,0.0,0.0,0.0,0.0,0.0,0.0,5.526402507562045,0.0,0.0,0.0,0.0,0.0,0.0,0.0,0.0,0.0,10.56904622089516,0.0,0.0,0.0,5.463937215306478,0.0,0.0,0.0,0.0,0.0,0.0,0.0,0.0,0.0,0.0,0.0,0.0,8.090542039959796,0.0,0.0,0.0,0.0,0.0,0.0,0.0,0.0,0.0,0.0,0.0,0.0,0.0,10.19676368944108,0.0,0.0,0.0,0.0,0.0,0.0,0.0,0.0,0.0,0.0,0.0,0.0,0.0,0.0,0.0,0.0,0.0,0.0,0.0,6.677702518997062,0.0,1.326597119953421,0.0,0.0,0.0,0.0,0.0,0.0,0.0,5.743903672715575,0.0,0.0,0.0,0.0,0.0,0.0,0.0,0.0,0.0,0.0,0.0,0.0,0.0,0.0,0.0,0.0,0.0,0.0,0.0,0.0,0.0,0.0,0.0,0.0,0.0,0.0,0.0,0.0,0.0,4.973184802354359,0.0,0.0,0.0,0.0,0.0,0.0,0.0,0.0,0.0,0.0,0.0,0.0,0.0,0.0,0.0,0.0,0.0,0.0,0.0,0.0,0.0,0.0,0.0,0.0,0.0,0.0,0.0
pt_21,0.0,0.0,0.0,0.0,0.0,0.0,0.0,0.0,0.0,0.0,0.0,0.0,0.0,0.0,0.0,0.0,0.0,0.0,0.0,0.0,0.0,0.0,0.0,0.0,0.0,0.0,0.0,0.0,0.0,0.0,0.0,0.0,0.0,0.0,0.0,0.0,0.0,0.0,0.0,0.0,5.625855514888563,0.0,0.0,0.0,0.0,0.0,0.0,0.0,0.0,0.0,0.0,0.0,0.0,0.0,0.0,0.0,7.419104123880913,0.0,0.0,0.0,0.0,0.0,0.0,0.0,0.0,0.0,0.0,0.0,0.0,0.0,0.0,0.0,0.0,0.0,0.0,0.0,0.0,0.0,0.0,0.0,0.0,0.0,0.0,0.0,0.0,0.0,0.0,0.0,0.0,0.0,0.0,0.0,0.0,0.0,0.0,0.0,0.0,0.0,0.0,7.580438195552012,0.0,0.0,0.0,0.0,0.0,0.0,0.0,0.0,0.0,0.0,0.0,0.0,0.0,0.0,0.0,0.0,0.0,0.0,0.0,0.0,0.0,5.526402507562045,0.0,0.0,0.0,0.0,0.0,0.0,0.0,0.0,0.0,10.56904622089516,0.0,0.0,0.0,5.463937215306478,0.0,0.0,0.0,0.0,0.0,0.0,0.0,0.0,0.0,0.0,0.0,0.0,8.090542039959796,0.0,0.0,0.0,0.0,0.0,0.0,0.0,0.0,0.0,0.0,0.0,0.0,0.0,10.19676368944108,0.0,0.0,0.0,0.0,0.0,0.0,0.0,0.0,0.0,0.0,0.0,0.0,0.0,0.0,0.0,0.0,0.0,0.0,0.0,6.677702518997062,0.0,1.326597119953421,0.0,0.0,0.0,0.0,0.0,0.0,0.0,5.743903672715575,0.0,0.0,0.0,0.0,0.0,0.0,0.0,0.0,0.0,0.0,0.0,0.0,0.0,0.0,0.0,0.0,0.0,0.0,0.0,0.0,0.0,0.0,0.0,0.0,0.0,0.0,0.0,0.0,0.0,4.973184802354359,0.0,0.0,0.0,0.0,0.0,0.0,0.0,0.0,0.0,0.0,0.0,0.0,0.0,0.0,0.0,0.0,0.0,0.0,0.0,0.0,0.0,0.0,0.0,0.0,0.0,0.0,0.0
pt_22,0.0,0.0,0.0,0.0,0.0,0.0,0.0,0.0,0.0,0.0,0.0,0.0,0.0,0.0,0.0,0.0,0.0,0.0,0.0,0.0,0.0,0.0,0.0,0.0,0.0,0.0,0.0,0.0,0.0,0.0,0.0,0.0,0.0,0.0,0.0,0.0,0.0,0.0,0.0,0.0,5.625855514888563,0.0,0.0,0.0,0.0,0.0,0.0,0.0,0.0,0.0,0.0,0.0,0.0,0.0,0.0,0.0,7.419104123880913,0.0,0.0,0.0,0.0,0.0,0.0,0.0,0.0,0.0,0.0,0.0,0.0,0.0,0.0,0.0,0.0,0.0,0.0,0.0,0.0,0.0,0.0,0.0,0.0,0.0,0.0,0.0,0.0,0.0,0.0,0.0,0.0,0.0,0.0,0.0,0.0,0.0,0.0,0.0,0.0,0.0,0.0,7.580438195552012,0.0,0.0,0.0,0.0,0.0,0.0,0.0,0.0,0.0,0.0,0.0,0.0,0.0,0.0,0.0,0.0,0.0,0.0,0.0,0.0,0.0,5.526402507562045,0.0,0.0,0.0,0.0,0.0,0.0,0.0,0.0,0.0,10.56904622089516,0.0,0.0,0.0,5.463937215306478,0.0,0.0,0.0,0.0,0.0,0.0,0.0,0.0,0.0,0.0,0.0,0.0,8.090542039959796,0.0,0.0,0.0,0.0,0.0,0.0,0.0,0.0,0.0,0.0,0.0,0.0,0.0,10.19676368944108,0.0,0.0,0.0,0.0,0.0,0.0,0.0,0.0,0.0,0.0,0.0,0.0,0.0,0.0,0.0,0.0,0.0,0.0,0.0,6.677702518997062,0.0,1.326597119953421,0.0,0.0,0.0,0.0,0.0,0.0,0.0,5.743903672715575,0.0,0.0,0.0,0.0,0.0,0.0,0.0,0.0,0.0,0.0,0.0,0.0,0.0,0.0,0.0,0.0,0.0,0.0,0.0,0.0,0.0,0.0,0.0,0.0,0.0,0.0,0.0,0.0,0.0,4.973184802354359,0.0,0.0,0.0,0.0,0.0,0.0,0.0,0.0,0.0,0.0,0.0,0.0,0.0,0.0,0.0,0.0,0.0,0.0,0.0,0.0,0.0,0.0,0.0,0.0,0.0,0.0,0.0
pt_23,0.0,0.0,0.0,0.0,0.0,0.0,0.0,0.0,0.0,0.0,0.0,0.0,0.0,0.0,0.0,0.0,0.0,0.0,0.0,0.0,0.0,0.0,0.0,0.0,0.0,0.0,0.0,0.0,0.0,0.0,0.0,0.0,0.0,0.0,0.0,0.0,0.0,0.0,0.0,0.0,5.625855514888563,0.0,0.0,0.0,0.0,0.0,0.0,0.0,0.0,0.0,0.0,0.0,0.0,0.0,0.0,0.0,7.419104123880913,0.0,0.0,0.0,0.0,0.0,0.0,0.0,0.0,0.0,0.0,0.0,0.0,0.0,0.0,0.0,0.0,0.0,0.0,0.0,0.0,0.0,0.0,0.0,0.0,0.0,0.0,0.0,0.0,0.0,0.0,0.0,0.0,0.0,0.0,0.0,0.0,0.0,0.0,0.0,0.0,0.0,0.0,7.580438195552012,0.0,0.0,0.0,0.0,0.0,0.0,0.0,0.0,0.0,0.0,0.0,0.0,0.0,0.0,0.0,0.0,0.0,0.0,0.0,0.0,0.0,5.526402507562045,0.0,0.0,0.0,0.0,0.0,0.0,0.0,0.0,0.0,10.56904622089516,0.0,0.0,0.0,5.463937215306478,0.0,0.0,0.0,0.0,0.0,0.0,0.0,0.0,0.0,0.0,0.0,0.0,8.090542039959796,0.0,0.0,0.0,0.0,0.0,0.0,0.0,0.0,0.0,0.0,0.0,0.0,0.0,10.19676368944108,0.0,0.0,0.0,0.0,0.0,0.0,0.0,0.0,0.0,0.0,0.0,0.0,0.0,0.0,0.0,0.0,0.0,0.0,0.0,6.677702518997062,0.0,1.326597119953421,0.0,0.0,0.0,0.0,0.0,0.0,0.0,5.743903672715575,0.0,0.0,0.0,0.0,0.0,0.0,0.0,0.0,0.0,0.0,0.0,0.0,0.0,0.0,0.0,0.0,0.0,0.0,0.0,0.0,0.0,0.0,0.0,0.0,0.0,0.0,0.0,0.0,0.0,4.973184802354359,0.0,0.0,0.0,0.0,0.0,0.0,0.0,0.0,0.0,0.0,0.0,0.0,0.0,0.0,0.0,0.0,0.0,0.0,0.0,0.0,0.0,0.0,0.0,0.0,0.0,0.0,0.0
pt_24,0.0,0.0,0.0,0.0,0.0,0.0,0.0,0.0,0.0,0.0,0.0,0.0,0.0,0.0,0.0,0.0,0.0,0.0,0.0,0.0,0.0,0.0,0.0,0.0,0.0,0.0,0.0,0.0,0.0,0.0,0.0,0.0,0.0,0.0,0.0,0.0,0.0,0.0,0.0,0.0,1.270354471103869,0.0,0.0,0.0,0.0,0.0,0.0,0.0,0.0,0.0,0.0,0.0,9.984925381867997,0.0,0.0,0.0,6.306238505298776,0.0,0.0,0.0,0.0,0.0,0.0,0.0,0.0,0.0,0.0,0.0,0.0,0.0,0.0,0.0,0.0,0.0,0.0,0.0,0.0,0.0,0.0,0.0,0.0,0.0,0.0,0.0,0.0,0.0,0.0,0.0,0.0,0.0,0.0,0.0,0.0,0.0,0.0,0.0,0.0,0.0,0.0,5.736547823660982,0.0,0.0,0.0,0.0,0.0,0.0,0.0,0.0,0.0,0.0,0.0,0.0,0.0,0.0,0.0,0.0,0.0,0.0,0.0,0.0,0.0,0.0,0.0,0.0,0.0,0.0,0.0,0.0,0.0,0.0,0.0,10.56904622089516,0.0,0.0,0.0,1.233792274424043,0.0,0.0,0.0,0.0,0.0,0.0,0.0,0.0,0.0,0.0,0.0,0.0,7.307586358673364,0.0,0.0,0.0,0.0,0.0,0.0,0.0,0.0,0.0,0.0,0.0,0.0,0.0,10.19676368944108,0.0,0.0,0.0,0.0,0.0,0.0,0.0,0.0,0.0,0.0,0.0,0.0,0.0,0.0,0.0,0.0,0.0,0.0,0.0,6.677702518997062,0.0,0.0,0.0,0.0,0.0,0.0,0.0,0.0,0.0,0.0,0.0,0.0,0.0,0.0,0.0,0.0,0.0,0.0,0.0,0.0,0.0,0.0,0.0,0.0,0.0,0.0,0.0,0.0,0.0,0.0,0.0,0.0,0.0,0.0,0.0,0.0,0.0,0.0,0.0,9.946369604708718,0.0,0.0,0.0,0.0,0.0,0.0,0.0,0.0,0.0,0.0,0.0,0.0,0.0,0.0,0.0,0.0,0.0,0.0,0.0,0.0,0.0,0.0,0.0,0.0,0.0,0.0,0.0
pt_25,0.0,0.0,0.0,0.0,0.0,0.0,0.0,0.0,0.0,0.0,0.0,0.0,0.0,0.0,0.0,0.0,0.0,0.0,0.0,0.0,0.0,0.0,0.0,0.0,0.0,0.0,0.0,0.0,0.0,0.0,0.0,0.0,0.0,0.0,0.0,0.0,0.0,0.0,0.0,0.0,1.270354471103869,0.0,0.0,0.0,0.0,0.0,0.0,0.0,0.0,0.0,0.0,0.0,9.984925381867997,0.0,0.0,0.0,6.306238505298776,0.0,0.0,0.0,0.0,0.0,0.0,0.0,0.0,0.0,0.0,0.0,0.0,0.0,0.0,0.0,0.0,0.0,0.0,0.0,0.0,0.0,0.0,0.0,0.0,0.0,0.0,0.0,0.0,0.0,0.0,0.0,0.0,0.0,0.0,0.0,0.0,0.0,0.0,0.0,0.0,0.0,0.0,5.736547823660982,0.0,0.0,0.0,0.0,0.0,0.0,0.0,0.0,0.0,0.0,0.0,0.0,0.0,0.0,0.0,0.0,0.0,0.0,0.0,0.0,0.0,0.0,0.0,0.0,0.0,0.0,0.0,0.0,0.0,0.0,0.0,10.56904622089516,0.0,0.0,0.0,1.233792274424043,0.0,0.0,0.0,0.0,0.0,0.0,0.0,0.0,0.0,0.0,0.0,0.0,7.307586358673364,0.0,0.0,0.0,0.0,0.0,0.0,0.0,0.0,0.0,0.0,0.0,0.0,0.0,10.19676368944108,0.0,0.0,0.0,0.0,0.0,0.0,0.0,0.0,0.0,0.0,0.0,0.0,0.0,0.0,0.0,0.0,0.0,0.0,0.0,6.677702518997062,0.0,0.0,0.0,0.0,0.0,0.0,0.0,0.0,0.0,0.0,0.0,0.0,0.0,0.0,0.0,0.0,0.0,0.0,0.0,0.0,0.0,0.0,0.0,0.0,0.0,0.0,0.0,0.0,0.0,0.0,0.0,0.0,0.0,0.0,0.0,0.0,0.0,0.0,0.0,9.946369604708718,0.0,0.0,0.0,0.0,0.0,0.0,0.0,0.0,0.0,0.0,0.0,0.0,0.0,0.0,0.0,0.0,0.0,0.0,0.0,0.0,0.0,0.0,0.0,0.0,0.0,0.0,0.0
pt_26,0.0,0.0,0.0,0.0,0.0,0.0,0.0,0.0,0.0,0.0,0.0,0.0,0.0,0.0,0.0,0.0,0.0,0.0,0.0,0.0,0.0,0.0,0.0,0.0,0.0,0.0,0.0,0.0,0.0,0.0,0.0,0.0,0.0,0.0,0.0,0.0,0.0,0.0,0.0,0.0,1.270354471103869,0.0,0.0,0.0,0.0,0.0,0.0,0.0,0.0,0.0,0.0,0.0,9.984925381867997,0.0,0.0,0.0,6.306238505298776,0.0,0.0,0.0,0.0,0.0,0.0,0.0,0.0,0.0,0.0,0.0,0.0,0.0,0.0,0.0,0.0,0.0,0.0,0.0,0.0,0.0,0.0,0.0,0.0,0.0,0.0,0.0,0.0,0.0,0.0,0.0,0.0,0.0,0.0,0.0,0.0,0.0,0.0,0.0,0.0,0.0,0.0,5.736547823660982,0.0,0.0,0.0,0.0,0.0,0.0,0.0,0.0,0.0,0.0,0.0,0.0,0.0,0.0,0.0,0.0,0.0,0.0,0.0,0.0,0.0,0.0,0.0,0.0,0.0,0.0,0.0,0.0,0.0,0.0,0.0,10.56904622089516,0.0,0.0,0.0,1.233792274424043,0.0,0.0,0.0,0.0,0.0,0.0,0.0,0.0,0.0,0.0,0.0,0.0,7.307586358673364,0.0,0.0,0.0,0.0,0.0,0.0,0.0,0.0,0.0,0.0,0.0,0.0,0.0,10.19676368944108,0.0,0.0,0.0,0.0,0.0,0.0,0.0,0.0,0.0,0.0,0.0,0.0,0.0,0.0,0.0,0.0,0.0,0.0,0.0,6.677702518997062,0.0,0.0,0.0,0.0,0.0,0.0,0.0,0.0,0.0,0.0,0.0,0.0,0.0,0.0,0.0,0.0,0.0,0.0,0.0,0.0,0.0,0.0,0.0,0.0,0.0,0.0,0.0,0.0,0.0,0.0,0.0,0.0,0.0,0.0,0.0,0.0,0.0,0.0,0.0,9.946369604708718,0.0,0.0,0.0,0.0,0.0,0.0,0.0,0.0,0.0,0.0,0.0,0.0,0.0,0.0,0.0,0.0,0.0,0.0,0.0,0.0,0.0,0.0,0.0,0.0,0.0,0.0,0.0
pt_27,0.0,0.0,0.0,0.0,0.0,0.0,0.0,0.0,0.0,0.0,0.0,0.0,0.0,0.0,0.0,0.0,0.0,0.0,0.0,0.0,0.0,0.0,0.0,0.0,0.0,0.0,0.0,0.0,0.0,0.0,0.0,0.0,0.0,0.0,0.0,0.0,0.0,0.0,0.0,0.0,1.270354471103869,0.0,0.0,0.0,0.0,0.0,0.0,0.0,0.0,0.0,0.0,0.0,9.984925381867997,0.0,0.0,0.0,6.306238505298776,0.0,0.0,0.0,0.0,0.0,0.0,0.0,0.0,0.0,0.0,0.0,0.0,0.0,0.0,0.0,0.0,0.0,0.0,0.0,0.0,0.0,0.0,0.0,0.0,0.0,0.0,0.0,0.0,0.0,0.0,0.0,0.0,0.0,0.0,0.0,0.0,0.0,0.0,0.0,0.0,0.0,0.0,5.736547823660982,0.0,0.0,0.0,0.0,0.0,0.0,0.0,0.0,0.0,0.0,0.0,0.0,0.0,0.0,0.0,0.0,0.0,0.0,0.0,0.0,0.0,0.0,0.0,0.0,0.0,0.0,0.0,0.0,0.0,0.0,0.0,10.56904622089516,0.0,0.0,0.0,1.233792274424043,0.0,0.0,0.0,0.0,0.0,0.0,0.0,0.0,0.0,0.0,0.0,0.0,7.307586358673364,0.0,0.0,0.0,0.0,0.0,0.0,0.0,0.0,0.0,0.0,0.0,0.0,0.0,10.19676368944108,0.0,0.0,0.0,0.0,0.0,0.0,0.0,0.0,0.0,0.0,0.0,0.0,0.0,0.0,0.0,0.0,0.0,0.0,0.0,6.677702518997062,0.0,0.0,0.0,0.0,0.0,0.0,0.0,0.0,0.0,0.0,0.0,0.0,0.0,0.0,0.0,0.0,0.0,0.0,0.0,0.0,0.0,0.0,0.0,0.0,0.0,0.0,0.0,0.0,0.0,0.0,0.0,0.0,0.0,0.0,0.0,0.0,0.0,0.0,0.0,9.946369604708718,0.0,0.0,0.0,0.0,0.0,0.0,0.0,0.0,0.0,0.0,0.0,0.0,0.0,0.0,0.0,0.0,0.0,0.0,0.0,0.0,0.0,0.0,0.0,0.0,0.0,0.0,0.0
pt_28,0.0,0.0,0.0,0.0,0.0,0.0,0.0,0.0,0.0,0.0,0.0,0.0,0.0,0.0,0.0,0.0,0.0,0.0,0.0,0.0,0.0,0.0,0.0,0.0,0.0,0.0,0.0,0.0,0.0,0.0,0.0,0.0,0.0,0.0,0.0,0.0,0.0,0.0,0.0,0.0,0.0,0.0,4.379814492393229,0.0,2.428535506042727,0.0,0.0,0.0,0.0,0.0,0.0,0.0,4.243593287293899,0.0,0.0,0.0,3.895029665037479,0.0,0.0,0.0,0.0,0.0,0.0,0.0,0.0,0.0,0.0,0.0,0.0,0.0,0.0,0.0,0.0,0.0,0.0,0.0,0.0,0.0,0.0,0.0,0.0,0.0,0.0,0.0,0.0,0.0,0.0,0.0,0.0,0.0,0.0,0.0,0.0,0.0,0.0,0.0,0.0,0.0,0.0,2.868273911830491,0.0,0.0,0.0,0.0,0.0,0.0,0.0,0.0,0.0,0.0,0.0,0.0,0.0,0.0,0.0,0.0,0.0,0.0,0.0,0.0,0.0,0.0,0.0,0.0,0.0,0.0,0.0,0.0,0.0,0.0,0.0,9.776367754328026,0.0,0.0,0.0,0.0,0.0,0.0,0.0,0.0,0.0,0.0,0.0,0.0,0.0,0.0,0.0,0.0,7.307586358673364,0.0,0.0,0.0,0.0,0.0,0.0,0.0,0.0,0.0,0.0,0.0,0.0,0.0,8.66724913602492,0.0,0.0,0.0,0.0,0.0,0.0,0.0,0.0,0.0,0.0,0.0,0.0,0.0,0.0,0.0,0.0,0.0,0.0,0.0,1.669425629749266,0.0,0.0,0.0,0.0,0.0,0.0,0.0,0.0,0.0,0.0,0.0,0.0,0.0,0.0,0.0,0.0,0.0,0.0,0.0,0.0,0.0,0.0,0.0,0.0,0.0,0.0,0.0,0.0,0.0,0.0,0.0,0.0,0.0,0.0,0.0,0.0,0.0,0.0,0.0,9.946369604708718,0.0,0.0,0.0,0.0,0.0,0.0,0.0,0.0,0.0,0.0,0.0,0.0,0.0,0.0,0.0,0.0,0.0,0.0,0.0,0.0,0.0,0.0,0.0,0.0,0.0,0.0,0.0
pt_29,0.0,0.0,0.0,0.0,0.0,0.0,0.0,0.0,0.0,0.0,0.0,0.0,0.0,0.0,0.0,0.0,0.0,0.0,0.0,0.0,0.0,0.0,0.0,0.0,0.0,0.0,0.0,0.0,0.0,0.0,0.0,0.0,0.0,0.0,0.0,0.0,0.0,0.0,0.0,0.0,0.0,0.0,4.379814492393229,0.0,2.428535506042727,0.0,0.0,0.0,0.0,0.0,0.0,0.0,4.243593287293899,0.0,0.0,0.0,3.895029665037479,0.0,0.0,0.0,0.0,0.0,0.0,0.0,0.0,0.0,0.0,0.0,0.0,0.0,0.0,0.0,0.0,0.0,0.0,0.0,0.0,0.0,0.0,0.0,0.0,0.0,0.0,0.0,0.0,0.0,0.0,0.0,0.0,0.0,0.0,0.0,0.0,0.0,0.0,0.0,0.0,0.0,0.0,2.868273911830491,0.0,0.0,0.0,0.0,0.0,0.0,0.0,0.0,0.0,0.0,0.0,0.0,0.0,0.0,0.0,0.0,0.0,0.0,0.0,0.0,0.0,0.0,0.0,0.0,0.0,0.0,0.0,0.0,0.0,0.0,0.0,9.776367754328026,0.0,0.0,0.0,0.0,0.0,0.0,0.0,0.0,0.0,0.0,0.0,0.0,0.0,0.0,0.0,0.0,7.307586358673364,0.0,0.0,0.0,0.0,0.0,0.0,0.0,0.0,0.0,0.0,0.0,0.0,0.0,8.66724913602492,0.0,0.0,0.0,0.0,0.0,0.0,0.0,0.0,0.0,0.0,0.0,0.0,0.0,0.0,0.0,0.0,0.0,0.0,0.0,1.669425629749266,0.0,0.0,0.0,0.0,0.0,0.0,0.0,0.0,0.0,0.0,0.0,0.0,0.0,0.0,0.0,0.0,0.0,0.0,0.0,0.0,0.0,0.0,0.0,0.0,0.0,0.0,0.0,0.0,0.0,0.0,0.0,0.0,0.0,0.0,0.0,0.0,0.0,0.0,0.0,9.946369604708718,0.0,0.0,0.0,0.0,0.0,0.0,0.0,0.0,0.0,0.0,0.0,0.0,0.0,0.0,0.0,0.0,0.0,0.0,0.0,0.0,0.0,0.0,0.0,0.0,0.0,0.0,0.0
pt_30,0.0,0.0,0.0,0.0,0.0,0.0,0.0,0.0,0.0,0.0,0.0,0.0,0.0,0.0,0.0,0.0,0.0,0.0,0.0,0.0,0.0,0.0,0.0,0.0,0.0,0.0,0.0,0.0,0.0,0.0,0.0,0.0,0.0,0.0,0.0,0.0,0.0,0.0,0.0,0.0,0.0,0.0,4.379814492393229,0.0,2.428535506042727,0.0,0.0,0.0,0.0,0.0,0.0,0.0,4.243593287293899,0.0,0.0,0.0,3.895029665037479,0.0,0.0,0.0,0.0,0.0,0.0,0.0,0.0,0.0,0.0,0.0,0.0,0.0,0.0,0.0,0.0,0.0,0.0,0.0,0.0,0.0,0.0,0.0,0.0,0.0,0.0,0.0,0.0,0.0,0.0,0.0,0.0,0.0,0.0,0.0,0.0,0.0,0.0,0.0,0.0,0.0,0.0,2.868273911830491,0.0,0.0,0.0,0.0,0.0,0.0,0.0,0.0,0.0,0.0,0.0,0.0,0.0,0.0,0.0,0.0,0.0,0.0,0.0,0.0,0.0,0.0,0.0,0.0,0.0,0.0,0.0,0.0,0.0,0.0,0.0,9.776367754328026,0.0,0.0,0.0,0.0,0.0,0.0,0.0,0.0,0.0,0.0,0.0,0.0,0.0,0.0,0.0,0.0,7.307586358673364,0.0,0.0,0.0,0.0,0.0,0.0,0.0,0.0,0.0,0.0,0.0,0.0,0.0,8.66724913602492,0.0,0.0,0.0,0.0,0.0,0.0,0.0,0.0,0.0,0.0,0.0,0.0,0.0,0.0,0.0,0.0,0.0,0.0,0.0,1.669425629749266,0.0,0.0,0.0,0.0,0.0,0.0,0.0,0.0,0.0,0.0,0.0,0.0,0.0,0.0,0.0,0.0,0.0,0.0,0.0,0.0,0.0,0.0,0.0,0.0,0.0,0.0,0.0,0.0,0.0,0.0,0.0,0.0,0.0,0.0,0.0,0.0,0.0,0.0,0.0,9.946369604708718,0.0,0.0,0.0,0.0,0.0,0.0,0.0,0.0,0.0,0.0,0.0,0.0,0.0,0.0,0.0,0.0,0.0,0.0,0.0,0.0,0.0,0.0,0.0,0.0,0.0,0.0,0.0
pt_31,0.0,0.0,0.0,0.0,0.0,0.0,0.0,0.0,0.0,0.0,0.0,0.0,0.0,0.0,0.0,0.0,0.0,0.0,0.0,0.0,0.0,0.0,0.0,0.0,0.0,0.0,0.0,0.0,0.0,0.0,0.0,0.0,0.0,0.0,0.0,0.0,0.0,0.0,0.0,0.0,0.0,0.0,4.379814492393229,0.0,2.428535506042727,0.0,0.0,0.0,0.0,0.0,0.0,0.0,4.243593287293899,0.0,0.0,0.0,3.895029665037479,0.0,0.0,0.0,0.0,0.0,0.0,0.0,0.0,0.0,0.0,0.0,0.0,0.0,0.0,0.0,0.0,0.0,0.0,0.0,0.0,0.0,0.0,0.0,0.0,0.0,0.0,0.0,0.0,0.0,0.0,0.0,0.0,0.0,0.0,0.0,0.0,0.0,0.0,0.0,0.0,0.0,0.0,2.868273911830491,0.0,0.0,0.0,0.0,0.0,0.0,0.0,0.0,0.0,0.0,0.0,0.0,0.0,0.0,0.0,0.0,0.0,0.0,0.0,0.0,0.0,0.0,0.0,0.0,0.0,0.0,0.0,0.0,0.0,0.0,0.0,9.776367754328026,0.0,0.0,0.0,0.0,0.0,0.0,0.0,0.0,0.0,0.0,0.0,0.0,0.0,0.0,0.0,0.0,7.307586358673364,0.0,0.0,0.0,0.0,0.0,0.0,0.0,0.0,0.0,0.0,0.0,0.0,0.0,8.66724913602492,0.0,0.0,0.0,0.0,0.0,0.0,0.0,0.0,0.0,0.0,0.0,0.0,0.0,0.0,0.0,0.0,0.0,0.0,0.0,1.669425629749266,0.0,0.0,0.0,0.0,0.0,0.0,0.0,0.0,0.0,0.0,0.0,0.0,0.0,0.0,0.0,0.0,0.0,0.0,0.0,0.0,0.0,0.0,0.0,0.0,0.0,0.0,0.0,0.0,0.0,0.0,0.0,0.0,0.0,0.0,0.0,0.0,0.0,0.0,0.0,9.946369604708718,0.0,0.0,0.0,0.0,0.0,0.0,0.0,0.0,0.0,0.0,0.0,0.0,0.0,0.0,0.0,0.0,0.0,0.0,0.0,0.0,0.0,0.0,0.0,0.0,0.0,0.0,0.0
pt_32,0.0,0.0,0.0,0.0,0.0,0.0,0.0,0.0,0.0,0.0,0.0,0.0,0.0,0.0,0.0,0.0,0.0,0.0,0.0,0.0,0.0,0.0,0.0,0.0,0.0,0.0,0.0,0.0,0.0,0.0,0.0,0.0,0.0,0.0,0.0,0.0,0.0,0.0,0.0,0.0,0.0,0.0,8.759628984786458,0.0,9.714142024170908,0.0,0.0,0.0,0.0,0.0,0.0,0.0,0.0,0.0,0.0,0.0,0.0,0.0,0.0,0.0,0.0,0.0,0.0,0.0,0.0,0.0,0.0,0.0,0.0,0.0,0.0,0.0,0.0,0.0,0.0,0.0,0.0,0.0,0.0,0.0,0.0,0.0,0.0,0.0,0.0,0.0,0.0,0.0,0.0,0.0,0.0,0.0,0.0,0.0,0.0,0.0,0.0,0.0,0.0,0.0,0.0,0.0,0.0,0.0,0.0,0.0,0.0,0.0,0.0,0.0,0.0,0.0,0.0,0.0,0.0,0.0,0.0,0.0,0.0,0.0,0.0,0.0,0.0,0.0,0.0,0.0,0.0,0.0,0.0,0.0,0.0,7.398332354626614,0.0,0.0,0.0,0.0,0.0,0.0,0.0,0.0,0.0,0.0,0.0,0.0,0.0,0.0,0.0,0.0,1.826896589668341,0.0,0.0,0.0,0.0,0.0,0.0,0.0,0.0,0.0,0.0,0.0,0.0,0.0,0.0,0.0,0.0,0.0,0.0,0.0,0.0,0.0,0.0,0.0,0.0,0.0,0.0,0.0,0.0,0.0,0.0,0.0,0.0,0.0,0.0,0.0,0.0,0.0,0.0,0.0,0.0,0.0,0.0,0.0,0.0,0.0,0.0,0.0,0.0,0.0,0.0,0.0,0.0,0.0,0.0,0.0,0.0,0.0,0.0,0.0,0.0,0.0,0.0,0.0,0.0,0.0,0.0,0.0,0.0,0.0,0.0,0.0,0.0,0.0,9.946369604708718,0.0,0.0,0.0,0.0,0.0,0.0,0.0,0.0,0.0,0.0,0.0,0.0,0.0,0.0,0.0,0.0,0.0,0.0,0.0,0.0,0.0,0.0,0.0,0.0,0.0,0.0,0.0
pt_33,0.0,0.0,0.0,0.0,0.0,0.0,0.0,0.0,0.0,0.0,0.0,0.0,0.0,0.0,0.0,0.0,0.0,0.0,0.0,0.0,0.0,0.0,0.0,0.0,0.0,0.0,0.0,0.0,0.0,0.0,0.0,0.0,0.0,0.0,0.0,0.0,0.0,0.0,0.0,0.0,0.0,0.0,8.759628984786458,0.0,9.714142024170908,0.0,0.0,0.0,0.0,0.0,0.0,0.0,0.0,0.0,0.0,0.0,0.0,0.0,0.0,0.0,0.0,0.0,0.0,0.0,0.0,0.0,0.0,0.0,0.0,0.0,0.0,0.0,0.0,0.0,0.0,0.0,0.0,0.0,0.0,0.0,0.0,0.0,0.0,0.0,0.0,0.0,0.0,0.0,0.0,0.0,0.0,0.0,0.0,0.0,0.0,0.0,0.0,0.0,0.0,0.0,0.0,0.0,0.0,0.0,0.0,0.0,0.0,0.0,0.0,0.0,0.0,0.0,0.0,0.0,0.0,0.0,0.0,0.0,0.0,0.0,0.0,0.0,0.0,0.0,0.0,0.0,0.0,0.0,0.0,0.0,0.0,7.398332354626614,0.0,0.0,0.0,0.0,0.0,0.0,0.0,0.0,0.0,0.0,0.0,0.0,0.0,0.0,0.0,0.0,1.826896589668341,0.0,0.0,0.0,0.0,0.0,0.0,0.0,0.0,0.0,0.0,0.0,0.0,0.0,0.0,0.0,0.0,0.0,0.0,0.0,0.0,0.0,0.0,0.0,0.0,0.0,0.0,0.0,0.0,0.0,0.0,0.0,0.0,0.0,0.0,0.0,0.0,0.0,0.0,0.0,0.0,0.0,0.0,0.0,0.0,0.0,0.0,0.0,0.0,0.0,0.0,0.0,0.0,0.0,0.0,0.0,0.0,0.0,0.0,0.0,0.0,0.0,0.0,0.0,0.0,0.0,0.0,0.0,0.0,0.0,0.0,0.0,0.0,0.0,9.946369604708718,0.0,0.0,0.0,0.0,0.0,0.0,0.0,0.0,0.0,0.0,0.0,0.0,0.0,0.0,0.0,0.0,0.0,0.0,0.0,0.0,0.0,0.0,0.0,0.0,0.0,0.0,0.0
pt_34,0.0,0.0,0.0,0.0,0.0,0.0,0.0,0.0,0.0,0.0,0.0,0.0,0.0,0.0,0.0,0.0,0.0,0.0,0.0,0.0,0.0,0.0,0.0,0.0,0.0,0.0,0.0,0.0,0.0,0.0,0.0,0.0,0.0,0.0,0.0,0.0,0.0,0.0,0.0,0.0,0.0,0.0,8.759628984786458,0.0,9.714142024170908,0.0,0.0,0.0,0.0,0.0,0.0,0.0,0.0,0.0,0.0,0.0,0.0,0.0,0.0,0.0,0.0,0.0,0.0,0.0,0.0,0.0,0.0,0.0,0.0,0.0,0.0,0.0,0.0,0.0,0.0,0.0,0.0,0.0,0.0,0.0,0.0,0.0,0.0,0.0,0.0,0.0,0.0,0.0,0.0,0.0,0.0,0.0,0.0,0.0,0.0,0.0,0.0,0.0,0.0,0.0,0.0,0.0,0.0,0.0,0.0,0.0,0.0,0.0,0.0,0.0,0.0,0.0,0.0,0.0,0.0,0.0,0.0,0.0,0.0,0.0,0.0,0.0,0.0,0.0,0.0,0.0,0.0,0.0,0.0,0.0,0.0,7.398332354626614,0.0,0.0,0.0,0.0,0.0,0.0,0.0,0.0,0.0,0.0,0.0,0.0,0.0,0.0,0.0,0.0,1.826896589668341,0.0,0.0,0.0,0.0,0.0,0.0,0.0,0.0,0.0,0.0,0.0,0.0,0.0,0.0,0.0,0.0,0.0,0.0,0.0,0.0,0.0,0.0,0.0,0.0,0.0,0.0,0.0,0.0,0.0,0.0,0.0,0.0,0.0,0.0,0.0,0.0,0.0,0.0,0.0,0.0,0.0,0.0,0.0,0.0,0.0,0.0,0.0,0.0,0.0,0.0,0.0,0.0,0.0,0.0,0.0,0.0,0.0,0.0,0.0,0.0,0.0,0.0,0.0,0.0,0.0,0.0,0.0,0.0,0.0,0.0,0.0,0.0,0.0,9.946369604708718,0.0,0.0,0.0,0.0,0.0,0.0,0.0,0.0,0.0,0.0,0.0,0.0,0.0,0.0,0.0,0.0,0.0,0.0,0.0,0.0,0.0,0.0,0.0,0.0,0.0,0.0,0.0
pt_35,0.0,0.0,0.0,0.0,0.0,0.0,0.0,0.0,0.0,0.0,0.0,0.0,0.0,0.0,0.0,0.0,0.0,0.0,0.0,0.0,0.0,0.0,0.0,0.0,0.0,0.0,0.0,0.0,0.0,0.0,0.0,0.0,0.0,0.0,0.0,0.0,0.0,0.0,0.0,0.0,0.0,0.0,8.759628984786458,0.0,9.714142024170908,0.0,0.0,0.0,0.0,0.0,0.0,0.0,0.0,0.0,0.0,0.0,0.0,0.0,0.0,0.0,0.0,0.0,0.0,0.0,0.0,0.0,0.0,0.0,0.0,0.0,0.0,0.0,0.0,0.0,0.0,0.0,0.0,0.0,0.0,0.0,0.0,0.0,0.0,0.0,0.0,0.0,0.0,0.0,0.0,0.0,0.0,0.0,0.0,0.0,0.0,0.0,0.0,0.0,0.0,0.0,0.0,0.0,0.0,0.0,0.0,0.0,0.0,0.0,0.0,0.0,0.0,0.0,0.0,0.0,0.0,0.0,0.0,0.0,0.0,0.0,0.0,0.0,0.0,0.0,0.0,0.0,0.0,0.0,0.0,0.0,0.0,7.398332354626614,0.0,0.0,0.0,0.0,0.0,0.0,0.0,0.0,0.0,0.0,0.0,0.0,0.0,0.0,0.0,0.0,1.826896589668341,0.0,0.0,0.0,0.0,0.0,0.0,0.0,0.0,0.0,0.0,0.0,0.0,0.0,0.0,0.0,0.0,0.0,0.0,0.0,0.0,0.0,0.0,0.0,0.0,0.0,0.0,0.0,0.0,0.0,0.0,0.0,0.0,0.0,0.0,0.0,0.0,0.0,0.0,0.0,0.0,0.0,0.0,0.0,0.0,0.0,0.0,0.0,0.0,0.0,0.0,0.0,0.0,0.0,0.0,0.0,0.0,0.0,0.0,0.0,0.0,0.0,0.0,0.0,0.0,0.0,0.0,0.0,0.0,0.0,0.0,0.0,0.0,0.0,9.946369604708718,0.0,0.0,0.0,0.0,0.0,0.0,0.0,0.0,0.0,0.0,0.0,0.0,0.0,0.0,0.0,0.0,0.0,0.0,0.0,0.0,0.0,0.0,0.0,0.0,0.0,0.0,0.0
pt_36,0.0,0.0,0.0,0.0,0.0,0.0,0.0,0.0,0.0,0.0,0.0,0.0,0.0,0.0,0.0,0.0,0.0,0.0,0.0,0.0,0.0,0.0,0.0,0.0,0.0,0.0,0.0,0.0,0.0,0.0,0.0,0.0,0.0,0.0,0.0,0.0,0.0,0.0,0.0,0.0,0.0,0.0,7.445684637068489,0.0,9.714142024170908,0.0,0.0,0.0,0.0,0.0,0.0,0.0,0.0,0.0,0.0,0.0,0.0,0.0,0.0,0.0,0.0,0.0,0.0,0.0,0.0,0.0,0.0,0.0,0.0,0.0,0.0,0.0,0.0,0.0,0.0,0.0,0.0,0.0,0.0,0.0,0.0,0.0,0.0,0.0,0.0,0.0,0.0,0.0,0.0,0.0,0.0,0.0,0.0,2.522110064272888,0.0,0.0,0.0,0.0,0.0,0.0,0.0,0.0,0.0,0.0,0.0,0.0,0.0,0.0,0.0,0.0,0.0,0.0,0.0,0.0,0.0,0.0,0.0,0.0,0.0,0.0,0.0,0.0,0.0,0.0,0.0,0.0,0.0,0.0,0.0,0.0,0.0,7.398332354626614,0.0,0.0,0.0,0.0,0.0,0.0,0.0,0.0,0.0,0.0,0.0,0.0,0.0,0.0,0.0,0.0,0.0,0.0,0.0,0.0,0.0,0.0,0.0,0.0,0.0,0.0,0.0,0.0,0.0,0.0,0.0,0.0,0.0,0.0,0.0,0.0,0.0,0.0,0.0,0.0,0.0,0.0,0.0,0.0,0.0,0.0,0.0,0.0,0.0,0.0,0.0,0.0,0.0,0.0,0.0,0.0,0.0,0.0,0.0,0.0,0.0,0.0,0.0,0.0,0.0,0.0,0.0,0.0,0.0,0.0,0.0,0.0,0.0,0.0,0.0,0.0,0.0,0.0,0.0,0.0,0.0,0.0,0.0,0.0,0.0,0.0,0.0,0.0,0.0,0.0,9.946369604708718,0.0,0.0,0.0,0.0,0.0,0.0,0.0,0.0,0.0,0.0,0.0,0.0,0.0,0.0,0.0,0.0,0.0,0.0,0.0,0.0,0.0,0.0,0.0,0.0,0.0,0.0,0.0
pt_37,0.0,0.0,0.0,0.0,0.0,0.0,0.0,0.0,0.0,0.0,0.0,0.0,0.0,0.0,0.0,0.0,0.0,0.0,0.0,0.0,0.0,0.0,0.0,0.0,0.0,0.0,0.0,0.0,0.0,0.0,0.0,0.0,0.0,0.0,0.0,0.0,0.0,0.0,0.0,0.0,0.0,0.0,7.445684637068489,0.0,9.714142024170908,0.0,0.0,0.0,0.0,0.0,0.0,0.0,0.0,0.0,0.0,0.0,0.0,0.0,0.0,0.0,0.0,0.0,0.0,0.0,0.0,0.0,0.0,0.0,0.0,0.0,0.0,0.0,0.0,0.0,0.0,0.0,0.0,0.0,0.0,0.0,0.0,0.0,0.0,0.0,0.0,0.0,0.0,0.0,0.0,0.0,0.0,0.0,0.0,2.522110064272888,0.0,0.0,0.0,0.0,0.0,0.0,0.0,0.0,0.0,0.0,0.0,0.0,0.0,0.0,0.0,0.0,0.0,0.0,0.0,0.0,0.0,0.0,0.0,0.0,0.0,0.0,0.0,0.0,0.0,0.0,0.0,0.0,0.0,0.0,0.0,0.0,0.0,7.398332354626614,0.0,0.0,0.0,0.0,0.0,0.0,0.0,0.0,0.0,0.0,0.0,0.0,0.0,0.0,0.0,0.0,0.0,0.0,0.0,0.0,0.0,0.0,0.0,0.0,0.0,0.0,0.0,0.0,0.0,0.0,0.0,0.0,0.0,0.0,0.0,0.0,0.0,0.0,0.0,0.0,0.0,0.0,0.0,0.0,0.0,0.0,0.0,0.0,0.0,0.0,0.0,0.0,0.0,0.0,0.0,0.0,0.0,0.0,0.0,0.0,0.0,0.0,0.0,0.0,0.0,0.0,0.0,0.0,0.0,0.0,0.0,0.0,0.0,0.0,0.0,0.0,0.0,0.0,0.0,0.0,0.0,0.0,0.0,0.0,0.0,0.0,0.0,0.0,0.0,0.0,9.946369604708718,0.0,0.0,0.0,0.0,0.0,0.0,0.0,0.0,0.0,0.0,0.0,0.0,0.0,0.0,0.0,0.0,0.0,0.0,0.0,0.0,0.0,0.0,0.0,0.0,0.0,0.0,0.0
pt_38,0.0,0.0,0.0,0.0,0.0,0.0,0.0,0.0,0.0,0.0,0.0,0.0,0.0,0.0,0.0,0.0,0.0,0.0,0.0,0.0,0.0,0.0,0.0,0.0,0.0,0.0,0.0,0.0,0.0,0.0,0.0,0.0,0.0,0.0,0.0,0.0,0.0,0.0,0.0,0.0,0.0,0.0,7.445684637068489,0.0,9.714142024170908,0.0,0.0,0.0,0.0,0.0,0.0,0.0,0.0,0.0,0.0,0.0,0.0,0.0,0.0,0.0,0.0,0.0,0.0,0.0,0.0,0.0,0.0,0.0,0.0,0.0,0.0,0.0,0.0,0.0,0.0,0.0,0.0,0.0,0.0,0.0,0.0,0.0,0.0,0.0,0.0,0.0,0.0,0.0,0.0,0.0,0.0,0.0,0.0,2.522110064272888,0.0,0.0,0.0,0.0,0.0,0.0,0.0,0.0,0.0,0.0,0.0,0.0,0.0,0.0,0.0,0.0,0.0,0.0,0.0,0.0,0.0,0.0,0.0,0.0,0.0,0.0,0.0,0.0,0.0,0.0,0.0,0.0,0.0,0.0,0.0,0.0,0.0,7.398332354626614,0.0,0.0,0.0,0.0,0.0,0.0,0.0,0.0,0.0,0.0,0.0,0.0,0.0,0.0,0.0,0.0,0.0,0.0,0.0,0.0,0.0,0.0,0.0,0.0,0.0,0.0,0.0,0.0,0.0,0.0,0.0,0.0,0.0,0.0,0.0,0.0,0.0,0.0,0.0,0.0,0.0,0.0,0.0,0.0,0.0,0.0,0.0,0.0,0.0,0.0,0.0,0.0,0.0,0.0,0.0,0.0,0.0,0.0,0.0,0.0,0.0,0.0,0.0,0.0,0.0,0.0,0.0,0.0,0.0,0.0,0.0,0.0,0.0,0.0,0.0,0.0,0.0,0.0,0.0,0.0,0.0,0.0,0.0,0.0,0.0,0.0,0.0,0.0,0.0,0.0,9.946369604708718,0.0,0.0,0.0,0.0,0.0,0.0,0.0,0.0,0.0,0.0,0.0,0.0,0.0,0.0,0.0,0.0,0.0,0.0,0.0,0.0,0.0,0.0,0.0,0.0,0.0,0.0,0.0
pt_39,0.0,0.0,0.0,0.0,0.0,0.0,0.0,0.0,0.0,0.0,0.0,0.0,0.0,0.0,0.0,0.0,0.0,0.0,0.0,0.0,0.0,0.0,0.0,0.0,0.0,0.0,0.0,0.0,0.0,0.0,0.0,0.0,0.0,0.0,0.0,0.0,0.0,0.0,0.0,0.0,0.0,0.0,7.445684637068489,0.0,9.714142024170908,0.0,0.0,0.0,0.0,0.0,0.0,0.0,0.0,0.0,0.0,0.0,0.0,0.0,0.0,0.0,0.0,0.0,0.0,0.0,0.0,0.0,0.0,0.0,0.0,0.0,0.0,0.0,0.0,0.0,0.0,0.0,0.0,0.0,0.0,0.0,0.0,0.0,0.0,0.0,0.0,0.0,0.0,0.0,0.0,0.0,0.0,0.0,0.0,2.522110064272888,0.0,0.0,0.0,0.0,0.0,0.0,0.0,0.0,0.0,0.0,0.0,0.0,0.0,0.0,0.0,0.0,0.0,0.0,0.0,0.0,0.0,0.0,0.0,0.0,0.0,0.0,0.0,0.0,0.0,0.0,0.0,0.0,0.0,0.0,0.0,0.0,0.0,7.398332354626614,0.0,0.0,0.0,0.0,0.0,0.0,0.0,0.0,0.0,0.0,0.0,0.0,0.0,0.0,0.0,0.0,0.0,0.0,0.0,0.0,0.0,0.0,0.0,0.0,0.0,0.0,0.0,0.0,0.0,0.0,0.0,0.0,0.0,0.0,0.0,0.0,0.0,0.0,0.0,0.0,0.0,0.0,0.0,0.0,0.0,0.0,0.0,0.0,0.0,0.0,0.0,0.0,0.0,0.0,0.0,0.0,0.0,0.0,0.0,0.0,0.0,0.0,0.0,0.0,0.0,0.0,0.0,0.0,0.0,0.0,0.0,0.0,0.0,0.0,0.0,0.0,0.0,0.0,0.0,0.0,0.0,0.0,0.0,0.0,0.0,0.0,0.0,0.0,0.0,0.0,9.946369604708718,0.0,0.0,0.0,0.0,0.0,0.0,0.0,0.0,0.0,0.0,0.0,0.0,0.0,0.0,0.0,0.0,0.0,0.0,0.0,0.0,0.0,0.0,0.0,0.0,0.0,0.0,0.0
pt_40,0.0,0.0,0.0,0.0,0.0,0.0,0.0,0.0,0.0,0.0,0.0,0.0,0.0,0.0,0.0,0.0,0.0,0.0,0.0,0.0,0.0,0.0,0.0,0.0,0.0,0.0,0.0,0.0,0.0,0.0,0.0,0.0,0.0,0.0,0.0,0.0,0.0,0.0,0.0,0.0,0.0,0.0,0.0,0.0,9.714142024170908,0.0,0.0,0.0,0.0,0.0,0.0,0.0,0.0,0.0,0.0,0.0,0.0,0.0,0.0,0.0,0.0,0.0,0.0,0.0,0.0,0.0,0.0,0.0,0.0,0.0,0.0,0.0,0.0,0.0,0.0,0.0,0.0,0.0,0.0,0.0,0.0,0.0,0.0,0.0,0.0,0.0,0.0,0.0,0.0,0.0,0.0,0.0,0.0,10.08844025709155,0.0,0.0,0.0,0.0,0.0,0.0,0.0,0.0,0.0,0.0,0.0,0.0,0.0,0.0,0.0,0.0,0.0,0.0,0.0,0.0,0.0,0.0,0.0,0.0,0.0,0.0,0.0,0.0,0.0,0.0,0.0,0.0,0.0,0.0,0.0,0.0,0.0,3.699166177313307,0.0,0.0,0.0,0.0,0.0,0.0,0.0,0.0,0.0,0.0,0.0,0.0,0.0,0.0,0.0,0.0,0.0,0.0,0.0,0.0,0.0,0.0,0.0,0.0,0.0,0.0,0.0,0.0,0.0,0.0,0.0,0.0,0.0,0.0,0.0,0.0,0.0,0.0,0.0,0.0,0.0,0.0,0.0,0.0,0.0,0.0,0.0,0.0,0.0,0.0,0.0,0.0,0.0,0.0,0.0,0.0,0.0,0.0,0.0,0.0,0.0,0.0,0.0,0.0,0.0,0.0,0.0,0.0,0.0,0.0,0.0,0.0,0.0,0.0,0.0,0.0,0.0,0.0,0.0,0.0,0.0,0.0,0.0,0.0,0.0,0.0,0.0,0.0,0.0,0.0,6.713799483178384,0.0,0.0,0.0,0.0,0.0,0.0,0.0,0.0,0.0,0.0,0.0,0.0,0.0,0.0,0.0,0.0,0.0,0.0,0.0,0.0,0.0,0.0,0.0,0.0,0.0,0.0,0.0
pt_41,0.0,0.0,0.0,0.0,0.0,0.0,0.0,0.0,0.0,0.0,0.0,0.0,0.0,0.0,0.0,0.0,0.0,0.0,0.0,0.0,0.0,0.0,0.0,0.0,0.0,0.0,0.0,0.0,0.0,0.0,0.0,0.0,0.0,0.0,0.0,0.0,0.0,0.0,0.0,0.0,0.0,0.0,0.0,0.0,9.714142024170908,0.0,0.0,0.0,0.0,0.0,0.0,0.0,0.0,0.0,0.0,0.0,0.0,0.0,0.0,0.0,0.0,0.0,0.0,0.0,0.0,0.0,0.0,0.0,0.0,0.0,0.0,0.0,0.0,0.0,0.0,0.0,0.0,0.0,0.0,0.0,0.0,0.0,0.0,0.0,0.0,0.0,0.0,0.0,0.0,0.0,0.0,0.0,0.0,10.08844025709155,0.0,0.0,0.0,0.0,0.0,0.0,0.0,0.0,0.0,0.0,0.0,0.0,0.0,0.0,0.0,0.0,0.0,0.0,0.0,0.0,0.0,0.0,0.0,0.0,0.0,0.0,0.0,0.0,0.0,0.0,0.0,0.0,0.0,0.0,0.0,0.0,0.0,3.699166177313307,0.0,0.0,0.0,0.0,0.0,0.0,0.0,0.0,0.0,0.0,0.0,0.0,0.0,0.0,0.0,0.0,0.0,0.0,0.0,0.0,0.0,0.0,0.0,0.0,0.0,0.0,0.0,0.0,0.0,0.0,0.0,0.0,0.0,0.0,0.0,0.0,0.0,0.0,0.0,0.0,0.0,0.0,0.0,0.0,0.0,0.0,0.0,0.0,0.0,0.0,0.0,0.0,0.0,0.0,0.0,0.0,0.0,0.0,0.0,0.0,0.0,0.0,0.0,0.0,0.0,0.0,0.0,0.0,0.0,0.0,0.0,0.0,0.0,0.0,0.0,0.0,0.0,0.0,0.0,0.0,0.0,0.0,0.0,0.0,0.0,0.0,0.0,0.0,0.0,0.0,6.713799483178384,0.0,0.0,0.0,0.0,0.0,0.0,0.0,0.0,0.0,0.0,0.0,0.0,0.0,0.0,0.0,0.0,0.0,0.0,0.0,0.0,0.0,0.0,0.0,0.0,0.0,0.0,0.0
pt_42,0.0,0.0,0.0,0.0,0.0,0.0,0.0,0.0,0.0,0.0,0.0,0.0,0.0,0.0,0.0,0.0,0.0,0.0,0.0,0.0,0.0,0.0,0.0,0.0,0.0,0.0,0.0,0.0,0.0,0.0,0.0,0.0,0.0,0.0,0.0,0.0,0.0,0.0,0.0,0.0,0.0,0.0,0.0,0.0,9.714142024170908,0.0,0.0,0.0,0.0,0.0,0.0,0.0,0.0,0.0,0.0,0.0,0.0,0.0,0.0,0.0,0.0,0.0,0.0,0.0,0.0,0.0,0.0,0.0,0.0,0.0,0.0,0.0,0.0,0.0,0.0,0.0,0.0,0.0,0.0,0.0,0.0,0.0,0.0,0.0,0.0,0.0,0.0,0.0,0.0,0.0,0.0,0.0,0.0,10.08844025709155,0.0,0.0,0.0,0.0,0.0,0.0,0.0,0.0,0.0,0.0,0.0,0.0,0.0,0.0,0.0,0.0,0.0,0.0,0.0,0.0,0.0,0.0,0.0,0.0,0.0,0.0,0.0,0.0,0.0,0.0,0.0,0.0,0.0,0.0,0.0,0.0,0.0,3.699166177313307,0.0,0.0,0.0,0.0,0.0,0.0,0.0,0.0,0.0,0.0,0.0,0.0,0.0,0.0,0.0,0.0,0.0,0.0,0.0,0.0,0.0,0.0,0.0,0.0,0.0,0.0,0.0,0.0,0.0,0.0,0.0,0.0,0.0,0.0,0.0,0.0,0.0,0.0,0.0,0.0,0.0,0.0,0.0,0.0,0.0,0.0,0.0,0.0,0.0,0.0,0.0,0.0,0.0,0.0,0.0,0.0,0.0,0.0,0.0,0.0,0.0,0.0,0.0,0.0,0.0,0.0,0.0,0.0,0.0,0.0,0.0,0.0,0.0,0.0,0.0,0.0,0.0,0.0,0.0,0.0,0.0,0.0,0.0,0.0,0.0,0.0,0.0,0.0,0.0,0.0,6.713799483178384,0.0,0.0,0.0,0.0,0.0,0.0,0.0,0.0,0.0,0.0,0.0,0.0,0.0,0.0,0.0,0.0,0.0,0.0,0.0,0.0,0.0,0.0,0.0,0.0,0.0,0.0,0.0
pt_43,0.0,0.0,0.0,0.0,0.0,0.0,0.0,0.0,0.0,0.0,0.0,0.0,0.0,0.0,0.0,0.0,0.0,0.0,0.0,0.0,0.0,0.0,0.0,0.0,0.0,0.0,0.0,0.0,0.0,0.0,0.0,0.0,0.0,0.0,0.0,0.0,0.0,0.0,0.0,0.0,0.0,0.0,0.0,0.0,9.714142024170908,0.0,0.0,0.0,0.0,0.0,0.0,0.0,0.0,0.0,0.0,0.0,0.0,0.0,0.0,0.0,0.0,0.0,0.0,0.0,0.0,0.0,0.0,0.0,0.0,0.0,0.0,0.0,0.0,0.0,0.0,0.0,0.0,0.0,0.0,0.0,0.0,0.0,0.0,0.0,0.0,0.0,0.0,0.0,0.0,0.0,0.0,0.0,0.0,10.08844025709155,0.0,0.0,0.0,0.0,0.0,0.0,0.0,0.0,0.0,0.0,0.0,0.0,0.0,0.0,0.0,0.0,0.0,0.0,0.0,0.0,0.0,0.0,0.0,0.0,0.0,0.0,0.0,0.0,0.0,0.0,0.0,0.0,0.0,0.0,0.0,0.0,0.0,3.699166177313307,0.0,0.0,0.0,0.0,0.0,0.0,0.0,0.0,0.0,0.0,0.0,0.0,0.0,0.0,0.0,0.0,0.0,0.0,0.0,0.0,0.0,0.0,0.0,0.0,0.0,0.0,0.0,0.0,0.0,0.0,0.0,0.0,0.0,0.0,0.0,0.0,0.0,0.0,0.0,0.0,0.0,0.0,0.0,0.0,0.0,0.0,0.0,0.0,0.0,0.0,0.0,0.0,0.0,0.0,0.0,0.0,0.0,0.0,0.0,0.0,0.0,0.0,0.0,0.0,0.0,0.0,0.0,0.0,0.0,0.0,0.0,0.0,0.0,0.0,0.0,0.0,0.0,0.0,0.0,0.0,0.0,0.0,0.0,0.0,0.0,0.0,0.0,0.0,0.0,0.0,6.713799483178384,0.0,0.0,0.0,0.0,0.0,0.0,0.0,0.0,0.0,0.0,0.0,0.0,0.0,0.0,0.0,0.0,0.0,0.0,0.0,0.0,0.0,0.0,0.0,0.0,0.0,0.0,0.0
pt_44,0.0,0.0,0.0,0.0,0.0,0.0,0.0,0.0,0.0,0.0,0.0,0.0,0.0,0.0,0.0,0.0,0.0,0.0,0.0,0.0,0.0,0.0,0.0,0.0,0.0,0.0,0.0,0.0,0.0,0.0,0.0,0.0,0.0,0.0,0.0,0.0,0.0,0.0,0.0,0.0,0.0,0.0,0.0,0.0,9.714142024170908,5.206318064308489,0.0,4.214868229088332,0.0,0.0,0.0,0.0,0.0,0.0,0.0,0.0,0.0,0.0,0.0,0.0,0.0,0.0,0.0,0.0,0.0,0.0,0.0,0.0,0.0,0.0,0.0,0.0,0.0,0.0,0.0,0.0,0.0,0.0,0.0,0.0,0.0,0.0,0.0,0.0,0.0,0.0,0.0,0.0,0.0,0.0,0.0,0.0,0.0,10.08844025709155,0.0,0.0,0.0,0.0,0.0,0.0,0.0,0.0,0.0,0.0,0.0,0.0,0.0,0.0,0.0,0.0,0.0,0.0,0.0,0.0,0.0,0.0,0.0,0.0,0.0,0.0,0.0,0.0,0.0,0.0,0.0,0.0,0.0,0.0,0.0,0.0,0.0,0.0,0.0,0.0,0.0,0.0,0.0,0.0,0.0,0.0,0.0,0.0,0.0,0.0,0.0,0.0,0.0,0.0,0.0,0.0,0.0,0.0,0.0,0.0,0.0,0.0,0.0,0.0,0.0,0.0,0.0,0.0,0.0,0.0,0.0,0.0,0.0,0.0,0.0,0.0,0.0,0.0,0.0,0.0,0.0,0.0,0.0,0.0,0.0,0.0,0.0,0.0,0.0,0.0,0.0,0.0,0.0,0.0,0.0,0.0,0.0,0.0,0.0,0.0,0.0,0.0,0.0,0.0,0.0,0.0,0.0,0.0,0.0,0.0,0.0,0.0,0.0,0.0,0.0,0.0,0.0,0.0,0.0,0.0,0.0,0.0,0.0,0.0,0.0,0.0,0.0,0.0,0.0,0.0,0.0,0.0,0.0,0.0,0.0,0.0,0.0,0.0,0.0,0.0,0.0,0.0,0.0,0.0,0.0,0.0,0.0,0.0,0.0,0.0,0.0,0.0,0.0,0.0,0.0,0.0
pt_45,0.0,0.0,0.0,0.0,0.0,0.0,0.0,0.0,0.0,0.0,0.0,0.0,0.0,0.0,0.0,0.0,0.0,0.0,0.0,0.0,0.0,0.0,0.0,0.0,0.0,0.0,0.0,0.0,0.0,0.0,0.0,0.0,0.0,0.0,0.0,0.0,0.0,0.0,0.0,0.0,0.0,0.0,0.0,0.0,9.714142024170908,5.206318064308489,0.0,4.214868229088332,0.0,0.0,0.0,0.0,0.0,0.0,0.0,0.0,0.0,0.0,0.0,0.0,0.0,0.0,0.0,0.0,0.0,0.0,0.0,0.0,0.0,0.0,0.0,0.0,0.0,0.0,0.0,0.0,0.0,0.0,0.0,0.0,0.0,0.0,0.0,0.0,0.0,0.0,0.0,0.0,0.0,0.0,0.0,0.0,0.0,10.08844025709155,0.0,0.0,0.0,0.0,0.0,0.0,0.0,0.0,0.0,0.0,0.0,0.0,0.0,0.0,0.0,0.0,0.0,0.0,0.0,0.0,0.0,0.0,0.0,0.0,0.0,0.0,0.0,0.0,0.0,0.0,0.0,0.0,0.0,0.0,0.0,0.0,0.0,0.0,0.0,0.0,0.0,0.0,0.0,0.0,0.0,0.0,0.0,0.0,0.0,0.0,0.0,0.0,0.0,0.0,0.0,0.0,0.0,0.0,0.0,0.0,0.0,0.0,0.0,0.0,0.0,0.0,0.0,0.0,0.0,0.0,0.0,0.0,0.0,0.0,0.0,0.0,0.0,0.0,0.0,0.0,0.0,0.0,0.0,0.0,0.0,0.0,0.0,0.0,0.0,0.0,0.0,0.0,0.0,0.0,0.0,0.0,0.0,0.0,0.0,0.0,0.0,0.0,0.0,0.0,0.0,0.0,0.0,0.0,0.0,0.0,0.0,0.0,0.0,0.0,0.0,0.0,0.0,0.0,0.0,0.0,0.0,0.0,0.0,0.0,0.0,0.0,0.0,0.0,0.0,0.0,0.0,0.0,0.0,0.0,0.0,0.0,0.0,0.0,0.0,0.0,0.0,0.0,0.0,0.0,0.0,0.0,0.0,0.0,0.0,0.0,0.0,0.0,0.0,0.0,0.0,0.0
pt_46,0.0,0.0,0.0,0.0,0.0,0.0,0.0,0.0,0.0,0.0,0.0,0.0,0.0,0.0,0.0,0.0,0.0,0.0,0.0,0.0,0.0,0.0,0.0,0.0,0.0,0.0,0.0,0.0,0.0,0.0,0.0,0.0,0.0,0.0,0.0,0.0,0.0,0.0,0.0,0.0,0.0,0.0,0.0,0.0,9.714142024170908,5.206318064308489,0.0,4.214868229088332,0.0,0.0,0.0,0.0,0.0,0.0,0.0,0.0,0.0,0.0,0.0,0.0,0.0,0.0,0.0,0.0,0.0,0.0,0.0,0.0,0.0,0.0,0.0,0.0,0.0,0.0,0.0,0.0,0.0,0.0,0.0,0.0,0.0,0.0,0.0,0.0,0.0,0.0,0.0,0.0,0.0,0.0,0.0,0.0,0.0,10.08844025709155,0.0,0.0,0.0,0.0,0.0,0.0,0.0,0.0,0.0,0.0,0.0,0.0,0.0,0.0,0.0,0.0,0.0,0.0,0.0,0.0,0.0,0.0,0.0,0.0,0.0,0.0,0.0,0.0,0.0,0.0,0.0,0.0,0.0,0.0,0.0,0.0,0.0,0.0,0.0,0.0,0.0,0.0,0.0,0.0,0.0,0.0,0.0,0.0,0.0,0.0,0.0,0.0,0.0,0.0,0.0,0.0,0.0,0.0,0.0,0.0,0.0,0.0,0.0,0.0,0.0,0.0,0.0,0.0,0.0,0.0,0.0,0.0,0.0,0.0,0.0,0.0,0.0,0.0,0.0,0.0,0.0,0.0,0.0,0.0,0.0,0.0,0.0,0.0,0.0,0.0,0.0,0.0,0.0,0.0,0.0,0.0,0.0,0.0,0.0,0.0,0.0,0.0,0.0,0.0,0.0,0.0,0.0,0.0,0.0,0.0,0.0,0.0,0.0,0.0,0.0,0.0,0.0,0.0,0.0,0.0,0.0,0.0,0.0,0.0,0.0,0.0,0.0,0.0,0.0,0.0,0.0,0.0,0.0,0.0,0.0,0.0,0.0,0.0,0.0,0.0,0.0,0.0,0.0,0.0,0.0,0.0,0.0,0.0,0.0,0.0,0.0,0.0,0.0,0.0,0.0,0.0
pt_47,0.0,0.0,0.0,0.0,0.0,0.0,0.0,0.0,0.0,0.0,0.0,0.0,0.0,0.0,0.0,0.0,0.0,0.0,0.0,0.0,0.0,0.0,0.0,0.0,0.0,0.0,0.0,0.0,0.0,0.0,0.0,0.0,0.0,0.0,0.0,0.0,0.0,0.0,0.0,0.0,0.0,0.0,0.0,0.0,9.714142024170908,5.206318064308489,0.0,4.214868229088332,0.0,0.0,0.0,0.0,0.0,0.0,0.0,0.0,0.0,0.0,0.0,0.0,0.0,0.0,0.0,0.0,0.0,0.0,0.0,0.0,0.0,0.0,0.0,0.0,0.0,0.0,0.0,0.0,0.0,0.0,0.0,0.0,0.0,0.0,0.0,0.0,0.0,0.0,0.0,0.0,0.0,0.0,0.0,0.0,0.0,10.08844025709155,0.0,0.0,0.0,0.0,0.0,0.0,0.0,0.0,0.0,0.0,0.0,0.0,0.0,0.0,0.0,0.0,0.0,0.0,0.0,0.0,0.0,0.0,0.0,0.0,0.0,0.0,0.0,0.0,0.0,0.0,0.0,0.0,0.0,0.0,0.0,0.0,0.0,0.0,0.0,0.0,0.0,0.0,0.0,0.0,0.0,0.0,0.0,0.0,0.0,0.0,0.0,0.0,0.0,0.0,0.0,0.0,0.0,0.0,0.0,0.0,0.0,0.0,0.0,0.0,0.0,0.0,0.0,0.0,0.0,0.0,0.0,0.0,0.0,0.0,0.0,0.0,0.0,0.0,0.0,0.0,0.0,0.0,0.0,0.0,0.0,0.0,0.0,0.0,0.0,0.0,0.0,0.0,0.0,0.0,0.0,0.0,0.0,0.0,0.0,0.0,0.0,0.0,0.0,0.0,0.0,0.0,0.0,0.0,0.0,0.0,0.0,0.0,0.0,0.0,0.0,0.0,0.0,0.0,0.0,0.0,0.0,0.0,0.0,0.0,0.0,0.0,0.0,0.0,0.0,0.0,0.0,0.0,0.0,0.0,0.0,0.0,0.0,0.0,0.0,0.0,0.0,0.0,0.0,0.0,0.0,0.0,0.0,0.0,0.0,0.0,0.0,0.0,0.0,0.0,0.0,0.0
pt_48,0.0,0.0,0.0,0.0,0.0,0.0,0.0,0.0,0.0,0.0,0.0,0.0,0.0,0.0,0.0,0.0,0.0,0.0,0.0,0.0,0.0,0.0,0.0,0.0,0.0,0.0,0.0,0.0,0.0,0.0,0.0,0.0,0.0,0.0,0.0,0.0,0.0,0.0,0.0,0.0,0.0,0.0,0.0,0.0,8.985581372358089,6.941757419077985,0.0,8.429736458176665,0.0,0.0,0.0,0.0,0.0,0.0,0.0,0.0,0.0,0.0,0.0,0.0,0.0,0.0,0.0,0.0,0.0,0.0,0.0,0.0,0.0,0.0,0.0,0.0,0.0,0.0,0.0,0.0,0.0,0.0,0.0,0.0,0.0,0.0,0.0,0.0,5.741470225807364,0.0,0.0,0.0,0.0,0.0,0.0,0.0,0.0,10.08844025709155,0.0,0.0,0.0,0.0,0.0,0.0,0.0,0.0,0.0,0.0,0.0,0.0,0.0,0.0,0.0,0.0,0.0,0.0,0.0,0.0,0.0,0.0,0.0,0.0,0.0,0.0,0.0,0.0,0.0,0.0,0.0,0.0,0.0,0.0,0.0,0.0,0.0,0.0,0.0,0.0,0.0,0.0,0.0,0.0,0.0,0.0,0.0,0.0,0.0,0.0,0.0,0.0,0.0,0.0,0.0,0.0,0.0,0.0,0.0,0.0,0.0,0.0,0.0,0.0,0.0,0.0,0.0,0.0,0.0,0.0,0.0,0.0,0.0,0.0,0.0,0.0,0.0,0.0,0.0,0.0,0.0,0.0,0.0,0.0,0.0,0.0,0.0,0.0,0.0,0.0,0.0,0.0,0.0,0.0,0.0,0.0,0.0,0.0,0.0,0.0,0.0,0.0,0.0,0.0,0.0,0.0,0.0,0.0,0.0,0.0,0.0,0.0,0.0,0.0,0.0,0.0,0.0,0.0,0.0,0.0,0.0,0.0,0.0,0.0,0.0,0.0,0.0,0.0,0.0,0.0,0.0,0.0,0.0,0.0,0.0,0.0,0.0,0.0,0.0,0.0,0.0,0.0,0.0,0.0,0.0,0.0,0.0,0.0,0.0,0.0,0.0,0.0,0.0,0.0,0.0,0.0
pt_49,0.0,0.0,0.0,0.0,0.0,0.0,0.0,0.0,0.0,0.0,0.0,0.0,0.0,0.0,0.0,0.0,0.0,0.0,0.0,0.0,0.0,0.0,0.0,0.0,0.0,0.0,0.0,0.0,0.0,0.0,0.0,0.0,0.0,0.0,0.0,0.0,0.0,0.0,0.0,0.0,0.0,0.0,0.0,0.0,8.985581372358089,6.941757419077985,0.0,8.429736458176665,0.0,0.0,0.0,0.0,0.0,0.0,0.0,0.0,0.0,0.0,0.0,0.0,0.0,0.0,0.0,0.0,0.0,0.0,0.0,0.0,0.0,0.0,0.0,0.0,0.0,0.0,0.0,0.0,0.0,0.0,0.0,0.0,0.0,0.0,0.0,0.0,5.741470225807364,0.0,0.0,0.0,0.0,0.0,0.0,0.0,0.0,10.08844025709155,0.0,0.0,0.0,0.0,0.0,0.0,0.0,0.0,0.0,0.0,0.0,0.0,0.0,0.0,0.0,0.0,0.0,0.0,0.0,0.0,0.0,0.0,0.0,0.0,0.0,0.0,0.0,0.0,0.0,0.0,0.0,0.0,0.0,0.0,0.0,0.0,0.0,0.0,0.0,0.0,0.0,0.0,0.0,0.0,0.0,0.0,0.0,0.0,0.0,0.0,0.0,0.0,0.0,0.0,0.0,0.0,0.0,0.0,0.0,0.0,0.0,0.0,0.0,0.0,0.0,0.0,0.0,0.0,0.0,0.0,0.0,0.0,0.0,0.0,0.0,0.0,0.0,0.0,0.0,0.0,0.0,0.0,0.0,0.0,0.0,0.0,0.0,0.0,0.0,0.0,0.0,0.0,0.0,0.0,0.0,0.0,0.0,0.0,0.0,0.0,0.0,0.0,0.0,0.0,0.0,0.0,0.0,0.0,0.0,0.0,0.0,0.0,0.0,0.0,0.0,0.0,0.0,0.0,0.0,0.0,0.0,0.0,0.0,0.0,0.0,0.0,0.0,0.0,0.0,0.0,0.0,0.0,0.0,0.0,0.0,0.0,0.0,0.0,0.0,0.0,0.0,0.0,0.0,0.0,0.0,0.0,0.0,0.0,0.0,0.0,0.0,0.0,0.0,0.0,0.0,0.0
pt_50,0.0,0.0,0.0,0.0,0.0,0.0,0.0,0.0,0.0,0.0,0.0,0.0,0.0,0.0,0.0,0.0,0.0,0.0,0.0,0.0,0.0,0.0,0.0,0.0,0.0,0.0,0.0,0.0,0.0,0.0,0.0,0.0,0.0,0.0,0.0,0.0,0.0,0.0,0.0,0.0,0.0,0.0,0.0,0.0,8.985581372358089,6.941757419077985,0.0,8.429736458176665,0.0,0.0,0.0,0.0,0.0,0.0,0.0,0.0,0.0,0.0,0.0,0.0,0.0,0.0,0.0,0.0,0.0,0.0,0.0,0.0,0.0,0.0,0.0,0.0,0.0,0.0,0.0,0.0,0.0,0.0,0.0,0.0,0.0,0.0,0.0,0.0,5.741470225807364,0.0,0.0,0.0,0.0,0.0,0.0,0.0,0.0,10.08844025709155,0.0,0.0,0.0,0.0,0.0,0.0,0.0,0.0,0.0,0.0,0.0,0.0,0.0,0.0,0.0,0.0,0.0,0.0,0.0,0.0,0.0,0.0,0.0,0.0,0.0,0.0,0.0,0.0,0.0,0.0,0.0,0.0,0.0,0.0,0.0,0.0,0.0,0.0,0.0,0.0,0.0,0.0,0.0,0.0,0.0,0.0,0.0,0.0,0.0,0.0,0.0,0.0,0.0,0.0,0.0,0.0,0.0,0.0,0.0,0.0,0.0,0.0,0.0,0.0,0.0,0.0,0.0,0.0,0.0,0.0,0.0,0.0,0.0,0.0,0.0,0.0,0.0,0.0,0.0,0.0,0.0,0.0,0.0,0.0,0.0,0.0,0.0,0.0,0.0,0.0,0.0,0.0,0.0,0.0,0.0,0.0,0.0,0.0,0.0,0.0,0.0,0.0,0.0,0.0,0.0,0.0,0.0,0.0,0.0,0.0,0.0,0.0,0.0,0.0,0.0,0.0,0.0,0.0,0.0,0.0,0.0,0.0,0.0,0.0,0.0,0.0,0.0,0.0,0.0,0.0,0.0,0.0,0.0,0.0,0.0,0.0,0.0,0.0,0.0,0.0,0.0,0.0,0.0,0.0,0.0,0.0,0.0,0.0,0.0,0.0,0.0,0.0,0.0,0.0,0.0,0.0
pt_51,0.0,0.0,0.0,0.0,0.0,0.0,0.0,0.0,0.0,0.0,0.0,0.0,0.0,0.0,0.0,0.0,0.0,0.0,0.0,0.0,0.0,0.0,0.0,0.0,0.0,0.0,0.0,0.0,0.0,0.0,0.0,0.0,0.0,0.0,0.0,0.0,0.0,0.0,0.0,0.0,0.0,0.0,0.0,0.0,8.985581372358089,6.941757419077985,0.0,8.429736458176665,0.0,0.0,0.0,0.0,0.0,0.0,0.0,0.0,0.0,0.0,0.0,0.0,0.0,0.0,0.0,0.0,0.0,0.0,0.0,0.0,0.0,0.0,0.0,0.0,0.0,0.0,0.0,0.0,0.0,0.0,0.0,0.0,0.0,0.0,0.0,0.0,5.741470225807364,0.0,0.0,0.0,0.0,0.0,0.0,0.0,0.0,10.08844025709155,0.0,0.0,0.0,0.0,0.0,0.0,0.0,0.0,0.0,0.0,0.0,0.0,0.0,0.0,0.0,0.0,0.0,0.0,0.0,0.0,0.0,0.0,0.0,0.0,0.0,0.0,0.0,0.0,0.0,0.0,0.0,0.0,0.0,0.0,0.0,0.0,0.0,0.0,0.0,0.0,0.0,0.0,0.0,0.0,0.0,0.0,0.0,0.0,0.0,0.0,0.0,0.0,0.0,0.0,0.0,0.0,0.0,0.0,0.0,0.0,0.0,0.0,0.0,0.0,0.0,0.0,0.0,0.0,0.0,0.0,0.0,0.0,0.0,0.0,0.0,0.0,0.0,0.0,0.0,0.0,0.0,0.0,0.0,0.0,0.0,0.0,0.0,0.0,0.0,0.0,0.0,0.0,0.0,0.0,0.0,0.0,0.0,0.0,0.0,0.0,0.0,0.0,0.0,0.0,0.0,0.0,0.0,0.0,0.0,0.0,0.0,0.0,0.0,0.0,0.0,0.0,0.0,0.0,0.0,0.0,0.0,0.0,0.0,0.0,0.0,0.0,0.0,0.0,0.0,0.0,0.0,0.0,0.0,0.0,0.0,0.0,0.0,0.0,0.0,0.0,0.0,0.0,0.0,0.0,0.0,0.0,0.0,0.0,0.0,0.0,0.0,0.0,0.0,0.0,0.0,0.0
pt_52,0.0,0.0,0.0,0.0,0.0,0.0,0.0,0.0,0.0,0.0,0.0,0.0,0.0,0.0,0.0,0.0,1.844982800202856,0.0,0.0,0.0,0.0,0.0,0.0,0.0,0.0,0.0,0.0,0.0,0.0,0.0,0.0,0.0,0.0,0.0,0.0,0.0,0.0,0.0,0.0,0.0,0.0,0.0,0.0,0.0,0.0,2.429615096677295,0.0,8.429736458176665,0.0,0.0,0.0,0.0,0.0,0.0,0.0,0.0,0.0,0.0,0.0,0.0,0.0,0.0,0.0,0.0,0.0,0.0,0.0,0.0,0.0,0.0,0.0,0.0,0.0,0.0,0.0,0.0,0.0,0.0,0.0,0.0,0.0,0.0,0.0,0.0,7.655293634409819,0.0,0.0,0.0,0.0,0.0,0.0,0.0,0.0,9.331807237809686,0.0,0.0,0.0,0.0,0.0,0.0,0.0,0.0,0.0,0.0,0.0,0.0,0.0,0.0,0.0,0.0,0.0,0.0,0.0,0.0,0.0,0.0,0.0,0.0,0.0,0.0,0.0,0.0,0.0,0.0,0.0,0.0,0.0,0.0,0.0,0.0,0.0,0.0,0.0,0.0,0.0,0.0,0.0,0.0,0.0,0.0,0.0,0.0,0.0,0.0,0.0,0.0,0.0,0.0,0.0,0.0,0.0,0.0,0.0,0.0,0.0,0.0,0.0,0.0,0.0,0.0,0.0,0.0,0.0,0.0,0.0,2.241977643776614,0.0,0.0,0.0,0.0,0.0,0.0,0.0,0.0,0.0,0.0,0.0,0.0,0.0,0.0,0.0,0.0,0.0,0.0,0.0,0.0,0.0,0.0,0.0,0.0,0.0,0.0,0.0,0.0,0.0,0.0,0.0,0.0,0.0,0.0,0.0,0.0,0.0,0.0,0.0,0.0,0.0,0.0,0.0,0.0,0.0,0.0,0.0,0.0,0.0,0.0,0.0,0.0,0.0,0.0,0.0,0.0,0.0,0.0,0.0,0.0,0.0,0.0,0.0,0.0,0.0,0.0,0.0,0.0,0.0,0.0,0.0,0.0,0.0,0.0,0.0,0.0,0.0,0.0,0.0,0.0,0.0,0.0,0.0,0.0
pt_53,0.0,0.0,0.0,0.0,0.0,0.0,0.0,0.0,0.0,0.0,0.0,0.0,0.0,0.0,0.0,0.0,1.844982800202856,0.0,0.0,0.0,0.0,0.0,0.0,0.0,0.0,0.0,0.0,0.0,0.0,0.0,0.0,0.0,0.0,0.0,0.0,0.0,0.0,0.0,0.0,0.0,0.0,0.0,0.0,0.0,0.0,2.429615096677295,0.0,8.429736458176665,0.0,0.0,0.0,0.0,0.0,0.0,0.0,0.0,0.0,0.0,0.0,0.0,0.0,0.0,0.0,0.0,0.0,0.0,0.0,0.0,0.0,0.0,0.0,0.0,0.0,0.0,0.0,0.0,0.0,0.0,0.0,0.0,0.0,0.0,0.0,0.0,7.655293634409819,0.0,0.0,0.0,0.0,0.0,0.0,0.0,0.0,9.331807237809686,0.0,0.0,0.0,0.0,0.0,0.0,0.0,0.0,0.0,0.0,0.0,0.0,0.0,0.0,0.0,0.0,0.0,0.0,0.0,0.0,0.0,0.0,0.0,0.0,0.0,0.0,0.0,0.0,0.0,0.0,0.0,0.0,0.0,0.0,0.0,0.0,0.0,0.0,0.0,0.0,0.0,0.0,0.0,0.0,0.0,0.0,0.0,0.0,0.0,0.0,0.0,0.0,0.0,0.0,0.0,0.0,0.0,0.0,0.0,0.0,0.0,0.0,0.0,0.0,0.0,0.0,0.0,0.0,0.0,0.0,0.0,2.241977643776614,0.0,0.0,0.0,0.0,0.0,0.0,0.0,0.0,0.0,0.0,0.0,0.0,0.0,0.0,0.0,0.0,0.0,0.0,0.0,0.0,0.0,0.0,0.0,0.0,0.0,0.0,0.0,0.0,0.0,0.0,0.0,0.0,0.0,0.0,0.0,0.0,0.0,0.0,0.0,0.0,0.0,0.0,0.0,0.0,0.0,0.0,0.0,0.0,0.0,0.0,0.0,0.0,0.0,0.0,0.0,0.0,0.0,0.0,0.0,0.0,0.0,0.0,0.0,0.0,0.0,0.0,0.0,0.0,0.0,0.0,0.0,0.0,0.0,0.0,0.0,0.0,0.0,0.0,0.0,0.0,0.0,0.0,0.0,0.0
pt_54,0.0,0.0,0.0,0.0,0.0,0.0,0.0,0.0,0.0,0.0,0.0,0.0,0.0,0.0,0.0,0.0,1.844982800202856,0.0,0.0,0.0,0.0,0.0,0.0,0.0,0.0,0.0,0.0,0.0,0.0,0.0,0.0,0.0,0.0,0.0,0.0,0.0,0.0,0.0,0.0,0.0,0.0,0.0,0.0,0.0,0.0,2.429615096677295,0.0,8.429736458176665,0.0,0.0,0.0,0.0,0.0,0.0,0.0,0.0,0.0,0.0,0.0,0.0,0.0,0.0,0.0,0.0,0.0,0.0,0.0,0.0,0.0,0.0,0.0,0.0,0.0,0.0,0.0,0.0,0.0,0.0,0.0,0.0,0.0,0.0,0.0,0.0,7.655293634409819,0.0,0.0,0.0,0.0,0.0,0.0,0.0,0.0,9.331807237809686,0.0,0.0,0.0,0.0,0.0,0.0,0.0,0.0,0.0,0.0,0.0,0.0,0.0,0.0,0.0,0.0,0.0,0.0,0.0,0.0,0.0,0.0,0.0,0.0,0.0,0.0,0.0,0.0,0.0,0.0,0.0,0.0,0.0,0.0,0.0,0.0,0.0,0.0,0.0,0.0,0.0,0.0,0.0,0.0,0.0,0.0,0.0,0.0,0.0,0.0,0.0,0.0,0.0,0.0,0.0,0.0,0.0,0.0,0.0,0.0,0.0,0.0,0.0,0.0,0.0,0.0,0.0,0.0,0.0,0.0,0.0,2.241977643776614,0.0,0.0,0.0,0.0,0.0,0.0,0.0,0.0,0.0,0.0,0.0,0.0,0.0,0.0,0.0,0.0,0.0,0.0,0.0,0.0,0.0,0.0,0.0,0.0,0.0,0.0,0.0,0.0,0.0,0.0,0.0,0.0,0.0,0.0,0.0,0.0,0.0,0.0,0.0,0.0,0.0,0.0,0.0,0.0,0.0,0.0,0.0,0.0,0.0,0.0,0.0,0.0,0.0,0.0,0.0,0.0,0.0,0.0,0.0,0.0,0.0,0.0,0.0,0.0,0.0,0.0,0.0,0.0,0.0,0.0,0.0,0.0,0.0,0.0,0.0,0.0,0.0,0.0,0.0,0.0,0.0,0.0,0.0,0.0
pt_55,0.0,0.0,0.0,0.0,0.0,0.0,0.0,0.0,0.0,0.0,0.0,0.0,0.0,0.0,0.0,0.0,1.844982800202856,0.0,0.0,0.0,0.0,0.0,0.0,0.0,0.0,0.0,0.0,0.0,0.0,0.0,0.0,0.0,0.0,0.0,0.0,0.0,0.0,0.0,0.0,0.0,0.0,0.0,0.0,0.0,0.0,2.429615096677295,0.0,8.429736458176665,0.0,0.0,0.0,0.0,0.0,0.0,0.0,0.0,0.0,0.0,0.0,0.0,0.0,0.0,0.0,0.0,0.0,0.0,0.0,0.0,0.0,0.0,0.0,0.0,0.0,0.0,0.0,0.0,0.0,0.0,0.0,0.0,0.0,0.0,0.0,0.0,7.655293634409819,0.0,0.0,0.0,0.0,0.0,0.0,0.0,0.0,9.331807237809686,0.0,0.0,0.0,0.0,0.0,0.0,0.0,0.0,0.0,0.0,0.0,0.0,0.0,0.0,0.0,0.0,0.0,0.0,0.0,0.0,0.0,0.0,0.0,0.0,0.0,0.0,0.0,0.0,0.0,0.0,0.0,0.0,0.0,0.0,0.0,0.0,0.0,0.0,0.0,0.0,0.0,0.0,0.0,0.0,0.0,0.0,0.0,0.0,0.0,0.0,0.0,0.0,0.0,0.0,0.0,0.0,0.0,0.0,0.0,0.0,0.0,0.0,0.0,0.0,0.0,0.0,0.0,0.0,0.0,0.0,0.0,2.241977643776614,0.0,0.0,0.0,0.0,0.0,0.0,0.0,0.0,0.0,0.0,0.0,0.0,0.0,0.0,0.0,0.0,0.0,0.0,0.0,0.0,0.0,0.0,0.0,0.0,0.0,0.0,0.0,0.0,0.0,0.0,0.0,0.0,0.0,0.0,0.0,0.0,0.0,0.0,0.0,0.0,0.0,0.0,0.0,0.0,0.0,0.0,0.0,0.0,0.0,0.0,0.0,0.0,0.0,0.0,0.0,0.0,0.0,0.0,0.0,0.0,0.0,0.0,0.0,0.0,0.0,0.0,0.0,0.0,0.0,0.0,0.0,0.0,0.0,0.0,0.0,0.0,0.0,0.0,0.0,0.0,0.0,0.0,0.0,0.0
pt_56,0.0,0.0,0.0,0.0,0.0,0.0,0.0,0.0,0.0,0.0,0.0,0.0,0.0,0.0,0.0,0.0,7.379931200811424,0.0,0.0,0.0,0.0,0.0,0.0,0.0,0.0,0.0,0.0,0.0,0.0,0.0,0.0,0.0,0.0,0.0,0.0,0.0,0.0,2.225011023456347,0.0,0.0,0.0,0.0,0.0,0.0,0.0,0.0,0.0,7.165275989450165,0.0,0.0,0.0,0.0,0.0,0.0,0.0,0.0,0.0,0.0,0.0,0.0,0.0,0.0,0.0,0.0,0.0,0.0,0.0,0.0,0.0,0.0,0.0,0.0,0.0,0.0,0.0,0.0,0.0,0.0,0.0,0.0,0.0,0.0,0.0,0.0,7.081146611829083,0.0,0.0,0.0,0.0,0.0,0.0,0.0,0.0,3.530954089982043,8.536931971332887,0.0,0.0,0.0,0.0,0.0,0.0,0.0,0.0,0.0,0.0,0.0,0.0,0.0,0.0,0.0,0.0,0.0,0.0,0.0,0.0,0.0,0.0,0.0,0.0,0.0,0.0,0.0,0.0,0.0,0.0,7.386039244237041,0.0,0.0,0.0,0.0,0.0,0.0,0.0,0.0,0.0,0.0,0.0,0.0,0.0,0.0,0.0,0.0,0.0,0.0,0.0,0.0,0.0,0.0,0.0,0.0,0.0,0.0,0.0,0.0,0.0,0.0,0.0,0.0,0.0,0.0,0.0,0.0,0.0,0.0,0.0,8.967910575106457,0.0,0.0,0.0,0.0,0.0,0.0,0.0,0.0,0.0,0.0,0.0,0.0,0.0,0.0,0.0,0.0,0.0,0.0,0.0,0.0,0.0,0.0,0.0,0.0,0.0,0.0,0.0,0.0,0.0,0.0,0.0,0.0,0.0,0.0,0.0,0.0,0.0,0.0,0.0,0.0,0.0,0.0,0.0,0.0,0.0,0.0,0.0,0.0,0.0,0.0,0.0,0.0,0.0,0.0,0.0,0.0,0.0,0.0,0.0,0.0,0.0,0.0,0.0,0.0,0.0,0.0,0.0,0.0,0.0,0.0,0.0,0.0,0.0,0.0,0.0,0.0,0.0,0.0,0.0,0.0,0.0,0.0,0.0,0.0
pt_57,0.0,0.0,0.0,0.0,0.0,0.0,0.0,0.0,0.0,0.0,0.0,0.0,0.0,0.0,0.0,0.0,7.379931200811424,0.0,0.0,0.0,0.0,0.0,0.0,0.0,0.0,0.0,0.0,0.0,0.0,0.0,0.0,0.0,0.0,0.0,0.0,0.0,0.0,2.225011023456347,0.0,0.0,0.0,0.0,0.0,0.0,0.0,0.0,0.0,7.165275989450165,0.0,0.0,0.0,0.0,0.0,0.0,0.0,0.0,0.0,0.0,0.0,0.0,0.0,0.0,0.0,0.0,0.0,0.0,0.0,0.0,0.0,0.0,0.0,0.0,0.0,0.0,0.0,0.0,0.0,0.0,0.0,0.0,0.0,0.0,0.0,0.0,7.081146611829083,0.0,0.0,0.0,0.0,0.0,0.0,0.0,0.0,3.530954089982043,8.536931971332887,0.0,0.0,0.0,0.0,0.0,0.0,0.0,0.0,0.0,0.0,0.0,0.0,0.0,0.0,0.0,0.0,0.0,0.0,0.0,0.0,0.0,0.0,0.0,0.0,0.0,0.0,0.0,0.0,0.0,0.0,7.386039244237041,0.0,0.0,0.0,0.0,0.0,0.0,0.0,0.0,0.0,0.0,0.0,0.0,0.0,0.0,0.0,0.0,0.0,0.0,0.0,0.0,0.0,0.0,0.0,0.0,0.0,0.0,0.0,0.0,0.0,0.0,0.0,0.0,0.0,0.0,0.0,0.0,0.0,0.0,0.0,8.967910575106457,0.0,0.0,0.0,0.0,0.0,0.0,0.0,0.0,0.0,0.0,0.0,0.0,0.0,0.0,0.0,0.0,0.0,0.0,0.0,0.0,0.0,0.0,0.0,0.0,0.0,0.0,0.0,0.0,0.0,0.0,0.0,0.0,0.0,0.0,0.0,0.0,0.0,0.0,0.0,0.0,0.0,0.0,0.0,0.0,0.0,0.0,0.0,0.0,0.0,0.0,0.0,0.0,0.0,0.0,0.0,0.0,0.0,0.0,0.0,0.0,0.0,0.0,0.0,0.0,0.0,0.0,0.0,0.0,0.0,0.0,0.0,0.0,0.0,0.0,0.0,0.0,0.0,0.0,0.0,0.0,0.0,0.0,0.0,0.0
pt_58,0.0,0.0,0.0,0.0,0.0,0.0,0.0,0.0,0.0,0.0,0.0,0.0,0.0,0.0,0.0,0.0,7.379931200811424,0.0,0.0,0.0,0.0,0.0,0.0,0.0,0.0,0.0,0.0,0.0,0.0,0.0,0.0,0.0,0.0,0.0,0.0,0.0,0.0,2.225011023456347,0.0,0.0,0.0,0.0,0.0,0.0,0.0,0.0,0.0,7.165275989450165,0.0,0.0,0.0,0.0,0.0,0.0,0.0,0.0,0.0,0.0,0.0,0.0,0.0,0.0,0.0,0.0,0.0,0.0,0.0,0.0,0.0,0.0,0.0,0.0,0.0,0.0,0.0,0.0,0.0,0.0,0.0,0.0,0.0,0.0,0.0,0.0,7.081146611829083,0.0,0.0,0.0,0.0,0.0,0.0,0.0,0.0,3.530954089982043,8.536931971332887,0.0,0.0,0.0,0.0,0.0,0.0,0.0,0.0,0.0,0.0,0.0,0.0,0.0,0.0,0.0,0.0,0.0,0.0,0.0,0.0,0.0,0.0,0.0,0.0,0.0,0.0,0.0,0.0,0.0,0.0,7.386039244237041,0.0,0.0,0.0,0.0,0.0,0.0,0.0,0.0,0.0,0.0,0.0,0.0,0.0,0.0,0.0,0.0,0.0,0.0,0.0,0.0,0.0,0.0,0.0,0.0,0.0,0.0,0.0,0.0,0.0,0.0,0.0,0.0,0.0,0.0,0.0,0.0,0.0,0.0,0.0,8.967910575106457,0.0,0.0,0.0,0.0,0.0,0.0,0.0,0.0,0.0,0.0,0.0,0.0,0.0,0.0,0.0,0.0,0.0,0.0,0.0,0.0,0.0,0.0,0.0,0.0,0.0,0.0,0.0,0.0,0.0,0.0,0.0,0.0,0.0,0.0,0.0,0.0,0.0,0.0,0.0,0.0,0.0,0.0,0.0,0.0,0.0,0.0,0.0,0.0,0.0,0.0,0.0,0.0,0.0,0.0,0.0,0.0,0.0,0.0,0.0,0.0,0.0,0.0,0.0,0.0,0.0,0.0,0.0,0.0,0.0,0.0,0.0,0.0,0.0,0.0,0.0,0.0,0.0,0.0,0.0,0.0,0.0,0.0,0.0,0.0
pt_59,0.0,0.0,0.0,0.0,0.0,0.0,0.0,0.0,0.0,0.0,0.0,0.0,0.0,0.0,0.0,0.0,7.379931200811424,0.0,0.0,0.0,0.0,0.0,0.0,0.0,0.0,0.0,0.0,0.0,0.0,0.0,0.0,0.0,0.0,0.0,0.0,0.0,0.0,2.225011023456347,0.0,0.0,0.0,0.0,0.0,0.0,0.0,0.0,0.0,7.165275989450165,0.0,0.0,0.0,0.0,0.0,0.0,0.0,0.0,0.0,0.0,0.0,0.0,0.0,0.0,0.0,0.0,0.0,0.0,0.0,0.0,0.0,0.0,0.0,0.0,0.0,0.0,0.0,0.0,0.0,0.0,0.0,0.0,0.0,0.0,0.0,0.0,7.081146611829083,0.0,0.0,0.0,0.0,0.0,0.0,0.0,0.0,3.530954089982043,8.536931971332887,0.0,0.0,0.0,0.0,0.0,0.0,0.0,0.0,0.0,0.0,0.0,0.0,0.0,0.0,0.0,0.0,0.0,0.0,0.0,0.0,0.0,0.0,0.0,0.0,0.0,0.0,0.0,0.0,0.0,0.0,7.386039244237041,0.0,0.0,0.0,0.0,0.0,0.0,0.0,0.0,0.0,0.0,0.0,0.0,0.0,0.0,0.0,0.0,0.0,0.0,0.0,0.0,0.0,0.0,0.0,0.0,0.0,0.0,0.0,0.0,0.0,0.0,0.0,0.0,0.0,0.0,0.0,0.0,0.0,0.0,0.0,8.967910575106457,0.0,0.0,0.0,0.0,0.0,0.0,0.0,0.0,0.0,0.0,0.0,0.0,0.0,0.0,0.0,0.0,0.0,0.0,0.0,0.0,0.0,0.0,0.0,0.0,0.0,0.0,0.0,0.0,0.0,0.0,0.0,0.0,0.0,0.0,0.0,0.0,0.0,0.0,0.0,0.0,0.0,0.0,0.0,0.0,0.0,0.0,0.0,0.0,0.0,0.0,0.0,0.0,0.0,0.0,0.0,0.0,0.0,0.0,0.0,0.0,0.0,0.0,0.0,0.0,0.0,0.0,0.0,0.0,0.0,0.0,0.0,0.0,0.0,0.0,0.0,0.0,0.0,0.0,0.0,0.0,0.0,0.0,0.0,0.0
pt_60,0.0,0.0,0.0,0.0,0.0,0.0,0.0,0.0,0.0,0.0,0.0,0.0,0.0,0.0,0.0,0.0,7.379931200811424,0.0,0.0,0.0,0.0,0.0,0.0,0.0,0.0,0.0,0.0,0.0,0.0,0.0,0.0,0.0,0.0,0.0,0.0,0.0,0.0,8.900044093825388,0.0,0.0,0.0,0.0,0.0,0.0,0.0,0.0,0.0,0.0,0.0,0.0,0.0,0.0,0.0,0.0,0.0,0.0,0.0,3.331839477353584,0.0,0.0,0.0,0.0,0.0,0.0,0.0,0.0,0.0,0.0,0.0,0.0,0.0,0.0,0.0,0.0,0.0,0.0,0.0,0.0,0.0,0.0,0.0,0.0,0.0,0.0,1.339676386021718,0.0,0.0,0.0,0.0,0.0,0.0,0.0,0.0,0.0,8.536931971332887,0.0,0.0,0.0,0.0,0.0,0.0,0.0,0.0,0.0,0.0,0.0,0.0,0.0,0.0,0.0,0.0,0.0,0.0,0.0,0.0,0.0,0.0,0.0,0.0,0.0,0.0,0.0,0.0,0.0,0.0,9.848052325649387,0.0,0.0,0.0,0.0,0.0,0.0,0.0,0.0,0.0,0.0,0.0,0.0,0.0,0.0,0.0,0.0,0.0,0.0,0.0,0.0,0.0,0.0,0.0,0.0,0.0,0.0,0.0,0.0,0.0,0.0,0.0,0.0,0.0,0.0,0.0,0.0,0.0,0.0,0.0,8.967910575106457,0.0,0.0,0.0,0.0,0.0,0.0,0.0,0.0,0.0,0.0,0.0,0.0,0.0,0.0,0.0,0.0,0.0,0.0,0.0,0.0,0.0,0.0,0.0,0.0,0.0,0.0,0.0,0.0,0.0,0.0,0.0,0.0,0.0,0.0,0.0,0.0,0.0,0.0,0.0,0.0,0.0,0.0,0.0,0.0,0.0,0.0,0.0,0.0,0.0,0.0,0.0,0.0,0.0,0.0,0.0,0.0,0.0,0.0,0.0,0.0,0.0,0.0,0.0,0.0,0.0,0.0,0.0,0.0,0.0,0.0,0.0,0.0,0.0,0.0,0.0,0.0,0.0,0.0,0.0,0.0,0.0,0.0,0.0,0.0
pt_61,0.0,0.0,0.0,0.0,0.0,0.0,0.0,0.0,0.0,0.0,0.0,0.0,0.0,0.0,0.0,0.0,7.379931200811424,0.0,0.0,0.0,0.0,0.0,0.0,0.0,0.0,0.0,0.0,0.0,0.0,0.0,0.0,0.0,0.0,0.0,0.0,0.0,0.0,8.900044093825388,0.0,0.0,0.0,0.0,0.0,0.0,0.0,0.0,0.0,0.0,0.0,0.0,0.0,0.0,0.0,0.0,0.0,0.0,0.0,3.331839477353584,0.0,0.0,0.0,0.0,0.0,0.0,0.0,0.0,0.0,0.0,0.0,0.0,0.0,0.0,0.0,0.0,0.0,0.0,0.0,0.0,0.0,0.0,0.0,0.0,0.0,0.0,1.339676386021718,0.0,0.0,0.0,0.0,0.0,0.0,0.0,0.0,0.0,8.536931971332887,0.0,0.0,0.0,0.0,0.0,0.0,0.0,0.0,0.0,0.0,0.0,0.0,0.0,0.0,0.0,0.0,0.0,0.0,0.0,0.0,0.0,0.0,0.0,0.0,0.0,0.0,0.0,0.0,0.0,0.0,9.848052325649387,0.0,0.0,0.0,0.0,0.0,0.0,0.0,0.0,0.0,0.0,0.0,0.0,0.0,0.0,0.0,0.0,0.0,0.0,0.0,0.0,0.0,0.0,0.0,0.0,0.0,0.0,0.0,0.0,0.0,0.0,0.0,0.0,0.0,0.0,0.0,0.0,0.0,0.0,0.0,8.967910575106457,0.0,0.0,0.0,0.0,0.0,0.0,0.0,0.0,0.0,0.0,0.0,0.0,0.0,0.0,0.0,0.0,0.0,0.0,0.0,0.0,0.0,0.0,0.0,0.0,0.0,0.0,0.0,0.0,0.0,0.0,0.0,0.0,0.0,0.0,0.0,0.0,0.0,0.0,0.0,0.0,0.0,0.0,0.0,0.0,0.0,0.0,0.0,0.0,0.0,0.0,0.0,0.0,0.0,0.0,0.0,0.0,0.0,0.0,0.0,0.0,0.0,0.0,0.0,0.0,0.0,0.0,0.0,0.0,0.0,0.0,0.0,0.0,0.0,0.0,0.0,0.0,0.0,0.0,0.0,0.0,0.0,0.0,0.0,0.0
pt_62,0.0,0.0,0.0,0.0,0.0,0.0,0.0,0.0,0.0,0.0,0.0,0.0,0.0,0.0,0.0,0.0,7.379931200811424,0.0,0.0,0.0,0.0,0.0,0.0,0.0,0.0,0.0,0.0,0.0,0.0,0.0,0.0,0.0,0.0,0.0,0.0,0.0,0.0,8.900044093825388,0.0,0.0,0.0,0.0,0.0,0.0,0.0,0.0,0.0,0.0,0.0,0.0,0.0,0.0,0.0,0.0,0.0,0.0,0.0,3.331839477353584,0.0,0.0,0.0,0.0,0.0,0.0,0.0,0.0,0.0,0.0,0.0,0.0,0.0,0.0,0.0,0.0,0.0,0.0,0.0,0.0,0.0,0.0,0.0,0.0,0.0,0.0,1.339676386021718,0.0,0.0,0.0,0.0,0.0,0.0,0.0,0.0,0.0,8.536931971332887,0.0,0.0,0.0,0.0,0.0,0.0,0.0,0.0,0.0,0.0,0.0,0.0,0.0,0.0,0.0,0.0,0.0,0.0,0.0,0.0,0.0,0.0,0.0,0.0,0.0,0.0,0.0,0.0,0.0,0.0,9.848052325649387,0.0,0.0,0.0,0.0,0.0,0.0,0.0,0.0,0.0,0.0,0.0,0.0,0.0,0.0,0.0,0.0,0.0,0.0,0.0,0.0,0.0,0.0,0.0,0.0,0.0,0.0,0.0,0.0,0.0,0.0,0.0,0.0,0.0,0.0,0.0,0.0,0.0,0.0,0.0,8.967910575106457,0.0,0.0,0.0,0.0,0.0,0.0,0.0,0.0,0.0,0.0,0.0,0.0,0.0,0.0,0.0,0.0,0.0,0.0,0.0,0.0,0.0,0.0,0.0,0.0,0.0,0.0,0.0,0.0,0.0,0.0,0.0,0.0,0.0,0.0,0.0,0.0,0.0,0.0,0.0,0.0,0.0,0.0,0.0,0.0,0.0,0.0,0.0,0.0,0.0,0.0,0.0,0.0,0.0,0.0,0.0,0.0,0.0,0.0,0.0,0.0,0.0,0.0,0.0,0.0,0.0,0.0,0.0,0.0,0.0,0.0,0.0,0.0,0.0,0.0,0.0,0.0,0.0,0.0,0.0,0.0,0.0,0.0,0.0,0.0
pt_63,0.0,0.0,0.0,0.0,0.0,0.0,0.0,0.0,0.0,0.0,0.0,0.0,0.0,0.0,0.0,0.0,7.379931200811424,0.0,0.0,0.0,0.0,0.0,0.0,0.0,0.0,0.0,0.0,0.0,0.0,0.0,0.0,0.0,0.0,0.0,0.0,0.0,0.0,8.900044093825388,0.0,0.0,0.0,0.0,0.0,0.0,0.0,0.0,0.0,0.0,0.0,0.0,0.0,0.0,0.0,0.0,0.0,0.0,0.0,3.331839477353584,0.0,0.0,0.0,0.0,0.0,0.0,0.0,0.0,0.0,0.0,0.0,0.0,0.0,0.0,0.0,0.0,0.0,0.0,0.0,0.0,0.0,0.0,0.0,0.0,0.0,0.0,1.339676386021718,0.0,0.0,0.0,0.0,0.0,0.0,0.0,0.0,0.0,8.536931971332887,0.0,0.0,0.0,0.0,0.0,0.0,0.0,0.0,0.0,0.0,0.0,0.0,0.0,0.0,0.0,0.0,0.0,0.0,0.0,0.0,0.0,0.0,0.0,0.0,0.0,0.0,0.0,0.0,0.0,0.0,9.848052325649387,0.0,0.0,0.0,0.0,0.0,0.0,0.0,0.0,0.0,0.0,0.0,0.0,0.0,0.0,0.0,0.0,0.0,0.0,0.0,0.0,0.0,0.0,0.0,0.0,0.0,0.0,0.0,0.0,0.0,0.0,0.0,0.0,0.0,0.0,0.0,0.0,0.0,0.0,0.0,8.967910575106457,0.0,0.0,0.0,0.0,0.0,0.0,0.0,0.0,0.0,0.0,0.0,0.0,0.0,0.0,0.0,0.0,0.0,0.0,0.0,0.0,0.0,0.0,0.0,0.0,0.0,0.0,0.0,0.0,0.0,0.0,0.0,0.0,0.0,0.0,0.0,0.0,0.0,0.0,0.0,0.0,0.0,0.0,0.0,0.0,0.0,0.0,0.0,0.0,0.0,0.0,0.0,0.0,0.0,0.0,0.0,0.0,0.0,0.0,0.0,0.0,0.0,0.0,0.0,0.0,0.0,0.0,0.0,0.0,0.0,0.0,0.0,0.0,0.0,0.0,0.0,0.0,0.0,0.0,0.0,0.0,0.0,0.0,0.0,0.0
pt_64,0.0,0.0,0.0,0.0,8.399608541116043,8.500943659521289,0.0,0.0,0.0,0.0,6.031759282764186,0.0,0.0,0.0,0.0,0.0,6.27294152068971,0.0,0.0,0.0,0.0,0.0,0.0,0.0,0.0,0.0,0.0,0.0,0.0,0.0,0.0,0.0,0.0,0.0,0.0,0.0,0.0,8.900044093825388,0.0,0.0,0.0,0.0,0.0,0.0,0.0,0.0,0.0,0.0,6.182894070085632,0.0,0.0,0.0,0.0,0.0,0.0,0.0,0.0,2.832063555750547,0.0,0.0,0.0,0.0,0.0,0.0,0.0,0.0,0.0,0.0,0.0,0.0,0.0,0.0,0.0,0.0,0.0,0.0,0.0,0.0,0.0,0.0,0.0,0.0,0.0,0.0,0.0,0.0,0.0,0.0,0.0,0.0,0.0,0.0,0.0,0.0,2.98792618996651,0.0,0.0,0.0,2.065369814682449,0.0,0.0,0.0,0.0,0.0,0.0,0.0,0.0,0.0,0.0,0.0,0.0,0.0,0.0,0.0,0.0,0.0,0.0,0.0,0.0,0.0,0.0,0.0,0.0,0.0,0.0,9.848052325649387,0.0,0.0,0.0,0.0,0.0,0.0,0.0,0.0,0.0,0.0,0.0,0.0,0.0,0.0,0.0,0.0,0.0,0.0,0.0,0.0,0.0,0.0,0.0,0.0,0.0,0.0,0.0,0.0,0.0,0.0,0.0,0.0,0.0,0.0,0.0,0.0,0.0,0.0,0.0,8.967910575106457,0.0,0.0,0.0,0.0,0.0,0.0,0.0,0.0,0.0,0.0,0.0,0.0,0.0,0.0,0.0,0.0,0.0,0.0,0.0,0.0,0.0,0.0,0.0,0.0,0.0,0.0,0.0,0.0,0.0,0.0,0.0,0.0,0.0,0.0,0.0,0.0,0.0,0.0,0.0,0.0,0.0,0.0,0.0,0.0,0.0,0.0,0.0,0.0,0.0,0.0,0.0,0.0,0.0,0.0,0.0,0.0,0.0,0.0,0.0,0.0,0.0,0.0,0.0,0.0,0.0,0.0,0.0,0.0,0.0,0.0,0.0,0.0,0.0,0.0,0.0,0.0,0.0,0.0,0.0,0.0,0.0,0.0,0.0,0.0
pt_65,0.0,0.0,0.0,0.0,8.399608541116043,8.500943659521289,0.0,0.0,0.0,0.0,6.031759282764186,0.0,0.0,0.0,0.0,0.0,6.27294152068971,0.0,0.0,0.0,0.0,0.0,0.0,0.0,0.0,0.0,0.0,0.0,0.0,0.0,0.0,0.0,0.0,0.0,0.0,0.0,0.0,8.900044093825388,0.0,0.0,0.0,0.0,0.0,0.0,0.0,0.0,0.0,0.0,6.182894070085632,0.0,0.0,0.0,0.0,0.0,0.0,0.0,0.0,2.832063555750547,0.0,0.0,0.0,0.0,0.0,0.0,0.0,0.0,0.0,0.0,0.0,0.0,0.0,0.0,0.0,0.0,0.0,0.0,0.0,0.0,0.0,0.0,0.0,0.0,0.0,0.0,0.0,0.0,0.0,0.0,0.0,0.0,0.0,0.0,0.0,0.0,2.98792618996651,0.0,0.0,0.0,2.065369814682449,0.0,0.0,0.0,0.0,0.0,0.0,0.0,0.0,0.0,0.0,0.0,0.0,0.0,0.0,0.0,0.0,0.0,0.0,0.0,0.0,0.0,0.0,0.0,0.0,0.0,0.0,9.848052325649387,0.0,0.0,0.0,0.0,0.0,0.0,0.0,0.0,0.0,0.0,0.0,0.0,0.0,0.0,0.0,0.0,0.0,0.0,0.0,0.0,0.0,0.0,0.0,0.0,0.0,0.0,0.0,0.0,0.0,0.0,0.0,0.0,0.0,0.0,0.0,0.0,0.0,0.0,0.0,8.967910575106457,0.0,0.0,0.0,0.0,0.0,0.0,0.0,0.0,0.0,0.0,0.0,0.0,0.0,0.0,0.0,0.0,0.0,0.0,0.0,0.0,0.0,0.0,0.0,0.0,0.0,0.0,0.0,0.0,0.0,0.0,0.0,0.0,0.0,0.0,0.0,0.0,0.0,0.0,0.0,0.0,0.0,0.0,0.0,0.0,0.0,0.0,0.0,0.0,0.0,0.0,0.0,0.0,0.0,0.0,0.0,0.0,0.0,0.0,0.0,0.0,0.0,0.0,0.0,0.0,0.0,0.0,0.0,0.0,0.0,0.0,0.0,0.0,0.0,0.0,0.0,0.0,0.0,0.0,0.0,0.0,0.0,0.0,0.0,0.0
pt_66,0.0,0.0,0.0,0.0,8.399608541116043,8.500943659521289,0.0,0.0,0.0,0.0,6.031759282764186,0.0,0.0,0.0,0.0,0.0,6.27294152068971,0.0,0.0,0.0,0.0,0.0,0.0,0.0,0.0,0.0,0.0,0.0,0.0,0.0,0.0,0.0,0.0,0.0,0.0,0.0,0.0,8.900044093825388,0.0,0.0,0.0,0.0,0.0,0.0,0.0,0.0,0.0,0.0,6.182894070085632,0.0,0.0,0.0,0.0,0.0,0.0,0.0,0.0,2.832063555750547,0.0,0.0,0.0,0.0,0.0,0.0,0.0,0.0,0.0,0.0,0.0,0.0,0.0,0.0,0.0,0.0,0.0,0.0,0.0,0.0,0.0,0.0,0.0,0.0,0.0,0.0,0.0,0.0,0.0,0.0,0.0,0.0,0.0,0.0,0.0,0.0,2.98792618996651,0.0,0.0,0.0,2.065369814682449,0.0,0.0,0.0,0.0,0.0,0.0,0.0,0.0,0.0,0.0,0.0,0.0,0.0,0.0,0.0,0.0,0.0,0.0,0.0,0.0,0.0,0.0,0.0,0.0,0.0,0.0,9.848052325649387,0.0,0.0,0.0,0.0,0.0,0.0,0.0,0.0,0.0,0.0,0.0,0.0,0.0,0.0,0.0,0.0,0.0,0.0,0.0,0.0,0.0,0.0,0.0,0.0,0.0,0.0,0.0,0.0,0.0,0.0,0.0,0.0,0.0,0.0,0.0,0.0,0.0,0.0,0.0,8.967910575106457,0.0,0.0,0.0,0.0,0.0,0.0,0.0,0.0,0.0,0.0,0.0,0.0,0.0,0.0,0.0,0.0,0.0,0.0,0.0,0.0,0.0,0.0,0.0,0.0,0.0,0.0,0.0,0.0,0.0,0.0,0.0,0.0,0.0,0.0,0.0,0.0,0.0,0.0,0.0,0.0,0.0,0.0,0.0,0.0,0.0,0.0,0.0,0.0,0.0,0.0,0.0,0.0,0.0,0.0,0.0,0.0,0.0,0.0,0.0,0.0,0.0,0.0,0.0,0.0,0.0,0.0,0.0,0.0,0.0,0.0,0.0,0.0,0.0,0.0,0.0,0.0,0.0,0.0,0.0,0.0,0.0,0.0,0.0,0.0
pt_67,0.0,0.0,0.0,0.0,8.399608541116043,8.500943659521289,0.0,0.0,0.0,0.0,6.031759282764186,0.0,0.0,0.0,0.0,0.0,6.27294152068971,0.0,0.0,0.0,0.0,0.0,0.0,0.0,0.0,0.0,0.0,0.0,0.0,0.0,0.0,0.0,0.0,0.0,0.0,0.0,0.0,8.900044093825388,0.0,0.0,0.0,0.0,0.0,0.0,0.0,0.0,0.0,0.0,6.182894070085632,0.0,0.0,0.0,0.0,0.0,0.0,0.0,0.0,2.832063555750547,0.0,0.0,0.0,0.0,0.0,0.0,0.0,0.0,0.0,0.0,0.0,0.0,0.0,0.0,0.0,0.0,0.0,0.0,0.0,0.0,0.0,0.0,0.0,0.0,0.0,0.0,0.0,0.0,0.0,0.0,0.0,0.0,0.0,0.0,0.0,0.0,2.98792618996651,0.0,0.0,0.0,2.065369814682449,0.0,0.0,0.0,0.0,0.0,0.0,0.0,0.0,0.0,0.0,0.0,0.0,0.0,0.0,0.0,0.0,0.0,0.0,0.0,0.0,0.0,0.0,0.0,0.0,0.0,0.0,9.848052325649387,0.0,0.0,0.0,0.0,0.0,0.0,0.0,0.0,0.0,0.0,0.0,0.0,0.0,0.0,0.0,0.0,0.0,0.0,0.0,0.0,0.0,0.0,0.0,0.0,0.0,0.0,0.0,0.0,0.0,0.0,0.0,0.0,0.0,0.0,0.0,0.0,0.0,0.0,0.0,8.967910575106457,0.0,0.0,0.0,0.0,0.0,0.0,0.0,0.0,0.0,0.0,0.0,0.0,0.0,0.0,0.0,0.0,0.0,0.0,0.0,0.0,0.0,0.0,0.0,0.0,0.0,0.0,0.0,0.0,0.0,0.0,0.0,0.0,0.0,0.0,0.0,0.0,0.0,0.0,0.0,0.0,0.0,0.0,0.0,0.0,0.0,0.0,0.0,0.0,0.0,0.0,0.0,0.0,0.0,0.0,0.0,0.0,0.0,0.0,0.0,0.0,0.0,0.0,0.0,0.0,0.0,0.0,0.0,0.0,0.0,0.0,0.0,0.0,0.0,0.0,0.0,0.0,0.0,0.0,0.0,0.0,0.0,0.0,0.0,0.0
pt_68,0.0,0.0,0.0,0.0,1.469931494695307,8.500943659521289,0.0,0.0,0.0,0.0,8.042345710352249,0.0,0.0,0.0,0.0,0.0,0.0,0.0,0.0,0.0,0.0,0.0,0.0,0.0,0.0,0.0,0.0,0.0,0.0,0.0,0.0,0.0,0.0,0.0,0.0,2.469526743035882,0.0,8.900044093825388,0.0,0.0,0.0,0.0,0.0,0.0,0.0,0.0,0.0,0.0,8.243858760114176,0.0,0.0,0.0,0.0,0.0,0.0,0.0,0.0,0.0,0.0,0.0,0.0,0.0,4.728629692322715,0.0,0.0,0.0,0.0,0.0,0.0,0.0,0.0,0.0,0.0,0.0,0.0,0.0,0.0,0.0,4.164224096599712,0.0,0.0,0.0,0.0,0.0,0.0,0.0,0.0,0.0,0.0,0.0,0.0,0.0,0.0,0.0,0.0,0.0,0.0,0.0,8.261479258729796,0.0,0.0,0.0,0.0,0.0,0.0,0.0,0.0,0.0,0.0,0.0,0.0,0.0,0.0,0.0,0.0,0.0,0.0,0.0,0.0,0.0,0.0,0.0,0.0,0.0,9.10514855481256,9.848052325649387,0.0,0.0,0.0,0.0,0.0,0.0,0.0,0.0,0.0,0.0,0.0,0.0,0.0,0.0,0.0,0.0,0.0,0.0,0.0,0.0,0.0,0.0,0.0,0.0,0.0,0.0,0.0,0.0,0.0,0.0,0.0,0.0,0.0,0.0,0.0,0.0,0.0,0.0,0.0,8.967910575106457,0.0,0.0,0.0,0.0,0.0,0.0,0.0,0.0,0.0,0.0,0.0,0.0,0.0,0.0,0.0,0.0,0.0,0.0,0.0,0.0,0.0,0.0,0.0,0.0,0.0,0.0,0.0,0.0,0.0,0.0,0.0,0.0,0.0,0.0,0.0,0.0,0.0,0.0,0.0,0.0,0.0,0.0,0.0,0.0,0.0,0.0,0.0,0.0,0.0,0.0,0.0,0.0,0.0,0.0,0.0,0.0,0.0,0.0,6.631309465360198,0.0,0.0,2.271664487789084,0.0,0.0,0.0,0.0,0.0,0.0,0.0,0.0,0.0,0.0,0.0,0.0,0.0,0.0,0.0,0.0,0.0,0.0,0.0,0.0,0.0,0.0
pt_69,0.0,0.0,0.0,0.0,1.469931494695307,8.500943659521289,0.0,0.0,0.0,0.0,8.042345710352249,0.0,0.0,0.0,0.0,0.0,0.0,0.0,0.0,0.0,0.0,0.0,0.0,0.0,0.0,0.0,0.0,0.0,0.0,0.0,0.0,0.0,0.0,0.0,0.0,2.469526743035882,0.0,8.900044093825388,0.0,0.0,0.0,0.0,0.0,0.0,0.0,0.0,0.0,0.0,8.243858760114176,0.0,0.0,0.0,0.0,0.0,0.0,0.0,0.0,0.0,0.0,0.0,0.0,0.0,4.728629692322715,0.0,0.0,0.0,0.0,0.0,0.0,0.0,0.0,0.0,0.0,0.0,0.0,0.0,0.0,0.0,4.164224096599712,0.0,0.0,0.0,0.0,0.0,0.0,0.0,0.0,0.0,0.0,0.0,0.0,0.0,0.0,0.0,0.0,0.0,0.0,0.0,8.261479258729796,0.0,0.0,0.0,0.0,0.0,0.0,0.0,0.0,0.0,0.0,0.0,0.0,0.0,0.0,0.0,0.0,0.0,0.0,0.0,0.0,0.0,0.0,0.0,0.0,0.0,9.10514855481256,9.848052325649387,0.0,0.0,0.0,0.0,0.0,0.0,0.0,0.0,0.0,0.0,0.0,0.0,0.0,0.0,0.0,0.0,0.0,0.0,0.0,0.0,0.0,0.0,0.0,0.0,0.0,0.0,0.0,0.0,0.0,0.0,0.0,0.0,0.0,0.0,0.0,0.0,0.0,0.0,0.0,8.967910575106457,0.0,0.0,0.0,0.0,0.0,0.0,0.0,0.0,0.0,0.0,0.0,0.0,0.0,0.0,0.0,0.0,0.0,0.0,0.0,0.0,0.0,0.0,0.0,0.0,0.0,0.0,0.0,0.0,0.0,0.0,0.0,0.0,0.0,0.0,0.0,0.0,0.0,0.0,0.0,0.0,0.0,0.0,0.0,0.0,0.0,0.0,0.0,0.0,0.0,0.0,0.0,0.0,0.0,0.0,0.0,0.0,0.0,0.0,6.631309465360198,0.0,0.0,2.271664487789084,0.0,0.0,0.0,0.0,0.0,0.0,0.0,0.0,0.0,0.0,0.0,0.0,0.0,0.0,0.0,0.0,0.0,0.0,0.0,0.0,0.0,0.0
pt_70,0.0,0.0,0.0,0.0,1.469931494695307,8.500943659521289,0.0,0.0,0.0,0.0,8.042345710352249,0.0,0.0,0.0,0.0,0.0,0.0,0.0,0.0,0.0,0.0,0.0,0.0,0.0,0.0,0.0,0.0,0.0,0.0,0.0,0.0,0.0,0.0,0.0,0.0,2.469526743035882,0.0,8.900044093825388,0.0,0.0,0.0,0.0,0.0,0.0,0.0,0.0,0.0,0.0,8.243858760114176,0.0,0.0,0.0,0.0,0.0,0.0,0.0,0.0,0.0,0.0,0.0,0.0,0.0,4.728629692322715,0.0,0.0,0.0,0.0,0.0,0.0,0.0,0.0,0.0,0.0,0.0,0.0,0.0,0.0,0.0,4.164224096599712,0.0,0.0,0.0,0.0,0.0,0.0,0.0,0.0,0.0,0.0,0.0,0.0,0.0,0.0,0.0,0.0,0.0,0.0,0.0,8.261479258729796,0.0,0.0,0.0,0.0,0.0,0.0,0.0,0.0,0.0,0.0,0.0,0.0,0.0,0.0,0.0,0.0,0.0,0.0,0.0,0.0,0.0,0.0,0.0,0.0,0.0,9.10514855481256,9.848052325649387,0.0,0.0,0.0,0.0,0.0,0.0,0.0,0.0,0.0,0.0,0.0,0.0,0.0,0.0,0.0,0.0,0.0,0.0,0.0,0.0,0.0,0.0,0.0,0.0,0.0,0.0,0.0,0.0,0.0,0.0,0.0,0.0,0.0,0.0,0.0,0.0,0.0,0.0,0.0,8.967910575106457,0.0,0.0,0.0,0.0,0.0,0.0,0.0,0.0,0.0,0.0,0.0,0.0,0.0,0.0,0.0,0.0,0.0,0.0,0.0,0.0,0.0,0.0,0.0,0.0,0.0,0.0,0.0,0.0,0.0,0.0,0.0,0.0,0.0,0.0,0.0,0.0,0.0,0.0,0.0,0.0,0.0,0.0,0.0,0.0,0.0,0.0,0.0,0.0,0.0,0.0,0.0,0.0,0.0,0.0,0.0,0.0,0.0,0.0,6.631309465360198,0.0,0.0,2.271664487789084,0.0,0.0,0.0,0.0,0.0,0.0,0.0,0.0,0.0,0.0,0.0,0.0,0.0,0.0,0.0,0.0,0.0,0.0,0.0,0.0,0.0,0.0
pt_71,0.0,0.0,0.0,0.0,1.469931494695307,8.500943659521289,0.0,0.0,0.0,0.0,8.042345710352249,0.0,0.0,0.0,0.0,0.0,0.0,0.0,0.0,0.0,0.0,0.0,0.0,0.0,0.0,0.0,0.0,0.0,0.0,0.0,0.0,0.0,0.0,0.0,0.0,2.469526743035882,0.0,8.900044093825388,0.0,0.0,0.0,0.0,0.0,0.0,0.0,0.0,0.0,0.0,8.243858760114176,0.0,0.0,0.0,0.0,0.0,0.0,0.0,0.0,0.0,0.0,0.0,0.0,0.0,4.728629692322715,0.0,0.0,0.0,0.0,0.0,0.0,0.0,0.0,0.0,0.0,0.0,0.0,0.0,0.0,0.0,4.164224096599712,0.0,0.0,0.0,0.0,0.0,0.0,0.0,0.0,0.0,0.0,0.0,0.0,0.0,0.0,0.0,0.0,0.0,0.0,0.0,8.261479258729796,0.0,0.0,0.0,0.0,0.0,0.0,0.0,0.0,0.0,0.0,0.0,0.0,0.0,0.0,0.0,0.0,0.0,0.0,0.0,0.0,0.0,0.0,0.0,0.0,0.0,9.10514855481256,9.848052325649387,0.0,0.0,0.0,0.0,0.0,0.0,0.0,0.0,0.0,0.0,0.0,0.0,0.0,0.0,0.0,0.0,0.0,0.0,0.0,0.0,0.0,0.0,0.0,0.0,0.0,0.0,0.0,0.0,0.0,0.0,0.0,0.0,0.0,0.0,0.0,0.0,0.0,0.0,0.0,8.967910575106457,0.0,0.0,0.0,0.0,0.0,0.0,0.0,0.0,0.0,0.0,0.0,0.0,0.0,0.0,0.0,0.0,0.0,0.0,0.0,0.0,0.0,0.0,0.0,0.0,0.0,0.0,0.0,0.0,0.0,0.0,0.0,0.0,0.0,0.0,0.0,0.0,0.0,0.0,0.0,0.0,0.0,0.0,0.0,0.0,0.0,0.0,0.0,0.0,0.0,0.0,0.0,0.0,0.0,0.0,0.0,0.0,0.0,0.0,6.631309465360198,0.0,0.0,2.271664487789084,0.0,0.0,0.0,0.0,0.0,0.0,0.0,0.0,0.0,0.0,0.0,0.0,0.0,0.0,0.0,0.0,0.0,0.0,0.0,0.0,0.0,0.0
pt_72,0.0,0.0,0.0,0.0,0.0,7.863372885057191,0.0,4.036090563385847,0.0,0.0,8.042345710352249,0.0,0.0,0.0,0.0,0.0,0.0,0.0,0.0,0.0,0.0,0.0,0.0,0.0,0.0,0.0,0.0,0.0,0.0,0.0,0.0,0.0,0.0,0.0,0.0,9.878106972143529,0.0,4.672523149258328,0.0,0.0,0.0,0.0,0.0,0.0,0.0,0.0,0.0,0.0,8.243858760114176,0.0,0.0,0.0,0.0,0.0,0.0,0.0,0.0,0.0,3.349933565301208,0.0,0.0,0.0,1.103346928208633,0.0,0.0,0.0,0.0,0.0,0.0,0.0,0.0,0.0,0.0,2.191731618596092,0.0,0.0,0.0,0.0,8.328448193199424,0.0,0.0,0.0,0.0,0.0,0.0,0.0,3.945281531032866,0.0,0.0,0.0,0.0,0.0,0.0,0.0,0.0,0.0,0.0,0.0,8.261479258729796,0.0,0.0,0.0,0.0,0.0,0.0,0.0,0.0,0.0,2.180317335064252,0.0,0.0,0.0,0.0,0.0,0.0,0.0,0.0,0.0,0.0,0.0,0.0,0.0,0.0,0.0,9.10514855481256,9.848052325649387,0.0,0.0,0.0,0.0,0.0,0.0,4.877647384448742,0.0,0.0,0.0,0.0,0.0,0.0,0.0,0.0,0.0,0.0,0.0,0.0,0.0,0.0,0.0,0.0,0.0,0.0,0.0,0.0,0.0,0.0,0.0,0.0,0.0,0.0,0.0,0.0,0.0,0.0,0.0,0.0,8.967910575106457,0.0,0.0,0.0,0.0,0.0,0.0,0.0,0.0,0.0,0.0,0.0,0.0,0.0,0.0,0.0,0.0,0.0,0.0,0.0,0.0,0.0,0.0,0.0,0.0,0.0,0.0,0.0,0.0,0.0,0.0,0.0,0.0,6.426012814866827,0.0,0.0,0.0,0.0,0.0,0.0,0.0,0.0,0.0,0.0,0.0,0.0,0.0,0.0,0.0,0.0,0.0,0.0,0.0,0.0,0.0,0.0,0.0,0.0,0.0,8.841745953813598,0.0,0.0,9.086657951156337,0.0,0.0,0.0,0.0,0.0,0.0,0.0,0.0,0.0,0.0,0.0,0.0,0.0,0.0,0.0,0.0,0.0,0.0,0.0,0.0,0.0,0.0
pt_73,0.0,0.0,0.0,0.0,0.0,7.863372885057191,0.0,4.036090563385847,0.0,0.0,8.042345710352249,0.0,0.0,0.0,0.0,0.0,0.0,0.0,0.0,0.0,0.0,0.0,0.0,0.0,0.0,0.0,0.0,0.0,0.0,0.0,0.0,0.0,0.0,0.0,0.0,9.878106972143529,0.0,4.672523149258328,0.0,0.0,0.0,0.0,0.0,0.0,0.0,0.0,0.0,0.0,8.243858760114176,0.0,0.0,0.0,0.0,0.0,0.0,0.0,0.0,0.0,3.349933565301208,0.0,0.0,0.0,1.103346928208633,0.0,0.0,0.0,0.0,0.0,0.0,0.0,0.0,0.0,0.0,2.191731618596092,0.0,0.0,0.0,0.0,8.328448193199424,0.0,0.0,0.0,0.0,0.0,0.0,0.0,3.945281531032866,0.0,0.0,0.0,0.0,0.0,0.0,0.0,0.0,0.0,0.0,0.0,8.261479258729796,0.0,0.0,0.0,0.0,0.0,0.0,0.0,0.0,0.0,2.180317335064252,0.0,0.0,0.0,0.0,0.0,0.0,0.0,0.0,0.0,0.0,0.0,0.0,0.0,0.0,0.0,9.10514855481256,9.848052325649387,0.0,0.0,0.0,0.0,0.0,0.0,4.877647384448742,0.0,0.0,0.0,0.0,0.0,0.0,0.0,0.0,0.0,0.0,0.0,0.0,0.0,0.0,0.0,0.0,0.0,0.0,0.0,0.0,0.0,0.0,0.0,0.0,0.0,0.0,0.0,0.0,0.0,0.0,0.0,0.0,8.967910575106457,0.0,0.0,0.0,0.0,0.0,0.0,0.0,0.0,0.0,0.0,0.0,0.0,0.0,0.0,0.0,0.0,0.0,0.0,0.0,0.0,0.0,0.0,0.0,0.0,0.0,0.0,0.0,0.0,0.0,0.0,0.0,0.0,6.426012814866827,0.0,0.0,0.0,0.0,0.0,0.0,0.0,0.0,0.0,0.0,0.0,0.0,0.0,0.0,0.0,0.0,0.0,0.0,0.0,0.0,0.0,0.0,0.0,0.0,0.0,8.841745953813598,0.0,0.0,9.086657951156337,0.0,0.0,0.0,0.0,0.0,0.0,0.0,0.0,0.0,0.0,0.0,0.0,0.0,0.0,0.0,0.0,0.0,0.0,0.0,0.0,0.0,0.0
pt_74,0.0,0.0,0.0,0.0,0.0,7.863372885057191,0.0,4.036090563385847,0.0,0.0,8.042345710352249,0.0,0.0,0.0,0.0,0.0,0.0,0.0,0.0,0.0,0.0,0.0,0.0,0.0,0.0,0.0,0.0,0.0,0.0,0.0,0.0,0.0,0.0,0.0,0.0,9.878106972143529,0.0,4.672523149258328,0.0,0.0,0.0,0.0,0.0,0.0,0.0,0.0,0.0,0.0,8.243858760114176,0.0,0.0,0.0,0.0,0.0,0.0,0.0,0.0,0.0,3.349933565301208,0.0,0.0,0.0,1.103346928208633,0.0,0.0,0.0,0.0,0.0,0.0,0.0,0.0,0.0,0.0,2.191731618596092,0.0,0.0,0.0,0.0,8.328448193199424,0.0,0.0,0.0,0.0,0.0,0.0,0.0,3.945281531032866,0.0,0.0,0.0,0.0,0.0,0.0,0.0,0.0,0.0,0.0,0.0,8.261479258729796,0.0,0.0,0.0,0.0,0.0,0.0,0.0,0.0,0.0,2.180317335064252,0.0,0.0,0.0,0.0,0.0,0.0,0.0,0.0,0.0,0.0,0.0,0.0,0.0,0.0,0.0,9.10514855481256,9.848052325649387,0.0,0.0,0.0,0.0,0.0,0.0,4.877647384448742,0.0,0.0,0.0,0.0,0.0,0.0,0.0,0.0,0.0,0.0,0.0,0.0,0.0,0.0,0.0,0.0,0.0,0.0,0.0,0.0,0.0,0.0,0.0,0.0,0.0,0.0,0.0,0.0,0.0,0.0,0.0,0.0,8.967910575106457,0.0,0.0,0.0,0.0,0.0,0.0,0.0,0.0,0.0,0.0,0.0,0.0,0.0,0.0,0.0,0.0,0.0,0.0,0.0,0.0,0.0,0.0,0.0,0.0,0.0,0.0,0.0,0.0,0.0,0.0,0.0,0.0,6.426012814866827,0.0,0.0,0.0,0.0,0.0,0.0,0.0,0.0,0.0,0.0,0.0,0.0,0.0,0.0,0.0,0.0,0.0,0.0,0.0,0.0,0.0,0.0,0.0,0.0,0.0,8.841745953813598,0.0,0.0,9.086657951156337,0.0,0.0,0.0,0.0,0.0,0.0,0.0,0.0,0.0,0.0,0.0,0.0,0.0,0.0,0.0,0.0,0.0,0.0,0.0,0.0,0.0,0.0
pt_75,0.0,0.0,0.0,0.0,0.0,7.863372885057191,0.0,4.036090563385847,0.0,0.0,8.042345710352249,0.0,0.0,0.0,0.0,0.0,0.0,0.0,0.0,0.0,0.0,0.0,0.0,0.0,0.0,0.0,0.0,0.0,0.0,0.0,0.0,0.0,0.0,0.0,0.0,9.878106972143529,0.0,4.672523149258328,0.0,0.0,0.0,0.0,0.0,0.0,0.0,0.0,0.0,0.0,8.243858760114176,0.0,0.0,0.0,0.0,0.0,0.0,0.0,0.0,0.0,3.349933565301208,0.0,0.0,0.0,1.103346928208633,0.0,0.0,0.0,0.0,0.0,0.0,0.0,0.0,0.0,0.0,2.191731618596092,0.0,0.0,0.0,0.0,8.328448193199424,0.0,0.0,0.0,0.0,0.0,0.0,0.0,3.945281531032866,0.0,0.0,0.0,0.0,0.0,0.0,0.0,0.0,0.0,0.0,0.0,8.261479258729796,0.0,0.0,0.0,0.0,0.0,0.0,0.0,0.0,0.0,2.180317335064252,0.0,0.0,0.0,0.0,0.0,0.0,0.0,0.0,0.0,0.0,0.0,0.0,0.0,0.0,0.0,9.10514855481256,9.848052325649387,0.0,0.0,0.0,0.0,0.0,0.0,4.877647384448742,0.0,0.0,0.0,0.0,0.0,0.0,0.0,0.0,0.0,0.0,0.0,0.0,0.0,0.0,0.0,0.0,0.0,0.0,0.0,0.0,0.0,0.0,0.0,0.0,0.0,0.0,0.0,0.0,0.0,0.0,0.0,0.0,8.967910575106457,0.0,0.0,0.0,0.0,0.0,0.0,0.0,0.0,0.0,0.0,0.0,0.0,0.0,0.0,0.0,0.0,0.0,0.0,0.0,0.0,0.0,0.0,0.0,0.0,0.0,0.0,0.0,0.0,0.0,0.0,0.0,0.0,6.426012814866827,0.0,0.0,0.0,0.0,0.0,0.0,0.0,0.0,0.0,0.0,0.0,0.0,0.0,0.0,0.0,0.0,0.0,0.0,0.0,0.0,0.0,0.0,0.0,0.0,0.0,8.841745953813598,0.0,0.0,9.086657951156337,0.0,0.0,0.0,0.0,0.0,0.0,0.0,0.0,0.0,0.0,0.0,0.0,0.0,0.0,0.0,0.0,0.0,0.0,0.0,0.0,0.0,0.0
pt_76,0.0,0.0,0.0,0.0,0.0,1.487665140416225,0.0,8.072181126771694,0.0,0.0,8.042345710352249,0.0,0.0,0.0,0.0,0.0,0.0,0.0,0.0,0.0,0.0,0.0,0.0,0.0,0.0,0.0,0.0,0.0,0.0,2.435576812789916,3.730750404258966,0.0,0.0,0.0,0.0,9.137248949232765,0.0,0.0,0.0,0.0,0.0,0.0,0.0,0.0,0.0,0.0,0.0,0.0,7.00727994609705,0.0,0.0,0.0,0.0,0.0,0.0,0.0,0.0,0.0,2.847443530506027,0.0,0.0,0.0,0.0,0.0,0.0,0.0,0.0,0.0,0.0,0.0,0.0,0.0,0.0,8.766926474384366,0.0,0.0,0.0,0.0,8.328448193199424,0.0,0.0,0.0,0.0,0.0,0.0,0.0,7.890563062065731,0.0,0.0,3.514782109913258,0.0,0.0,0.0,0.0,0.0,0.0,0.0,0.0,2.891517740555428,0.0,0.0,0.0,0.0,0.0,10.22644878636869,0.0,0.0,0.0,8.721269340257006,0.0,0.0,0.0,0.0,7.276390446167742,0.0,0.0,0.0,0.0,0.0,0.0,0.0,0.0,0.0,0.0,3.186801994184396,7.632240552378275,3.708630875555021,0.0,0.0,0.0,0.0,0.0,9.755294768897484,0.0,0.0,0.0,0.0,0.0,0.0,1.673221277964576,0.0,0.0,0.0,0.0,0.0,0.0,0.0,0.0,0.0,2.208555840348235,0.0,0.0,0.0,4.342977368061629,0.0,0.0,0.0,0.0,0.0,0.0,0.0,0.0,0.0,0.0,0.0,6.950130695707504,0.0,0.0,4.892605915935133,0.0,0.0,1.852237236495183,0.0,0.0,0.0,0.0,0.0,0.0,0.0,0.0,0.0,0.0,0.0,0.0,0.0,0.0,0.0,0.0,2.315699328571447,0.0,0.0,4.060945960302106,0.0,0.0,0.0,0.0,0.0,0.0,6.426012814866827,0.0,0.0,0.0,0.0,0.0,0.0,0.0,0.0,4.517125714400539,1.689582399861907,0.0,0.0,0.0,0.0,0.0,0.0,0.0,0.0,0.0,0.0,0.0,0.0,0.0,0.0,0.0,8.841745953813598,0.0,0.0,9.086657951156337,0.0,9.019715038982298,0.0,0.0,0.0,5.015399245392958,0.0,0.0,0.0,0.0,0.0,0.0,0.0,4.609837382950484,0.0,0.0,0.0,8.210309048244628,0.0,0.0,0.0,0.0
pt_77,0.0,0.0,0.0,0.0,0.0,1.487665140416225,0.0,8.072181126771694,0.0,0.0,8.042345710352249,0.0,0.0,0.0,0.0,0.0,0.0,0.0,0.0,0.0,0.0,0.0,0.0,0.0,0.0,0.0,0.0,0.0,0.0,2.435576812789916,3.730750404258966,0.0,0.0,0.0,0.0,9.137248949232765,0.0,0.0,0.0,0.0,0.0,0.0,0.0,0.0,0.0,0.0,0.0,0.0,7.00727994609705,0.0,0.0,0.0,0.0,0.0,0.0,0.0,0.0,0.0,2.847443530506027,0.0,0.0,0.0,0.0,0.0,0.0,0.0,0.0,0.0,0.0,0.0,0.0,0.0,0.0,8.766926474384366,0.0,0.0,0.0,0.0,8.328448193199424,0.0,0.0,0.0,0.0,0.0,0.0,0.0,7.890563062065731,0.0,0.0,3.514782109913258,0.0,0.0,0.0,0.0,0.0,0.0,0.0,0.0,2.891517740555428,0.0,0.0,0.0,0.0,0.0,10.22644878636869,0.0,0.0,0.0,8.721269340257006,0.0,0.0,0.0,0.0,7.276390446167742,0.0,0.0,0.0,0.0,0.0,0.0,0.0,0.0,0.0,0.0,3.186801994184396,7.632240552378275,3.708630875555021,0.0,0.0,0.0,0.0,0.0,9.755294768897484,0.0,0.0,0.0,0.0,0.0,0.0,1.673221277964576,0.0,0.0,0.0,0.0,0.0,0.0,0.0,0.0,0.0,2.208555840348235,0.0,0.0,0.0,4.342977368061629,0.0,0.0,0.0,0.0,0.0,0.0,0.0,0.0,0.0,0.0,0.0,6.950130695707504,0.0,0.0,4.892605915935133,0.0,0.0,1.852237236495183,0.0,0.0,0.0,0.0,0.0,0.0,0.0,0.0,0.0,0.0,0.0,0.0,0.0,0.0,0.0,0.0,2.315699328571447,0.0,0.0,4.060945960302106,0.0,0.0,0.0,0.0,0.0,0.0,6.426012814866827,0.0,0.0,0.0,0.0,0.0,0.0,0.0,0.0,4.517125714400539,1.689582399861907,0.0,0.0,0.0,0.0,0.0,0.0,0.0,0.0,0.0,0.0,0.0,0.0,0.0,0.0,0.0,8.841745953813598,0.0,0.0,9.086657951156337,0.0,9.019715038982298,0.0,0.0,0.0,5.015399245392958,0.0,0.0,0.0,0.0,0.0,0.0,0.0,4.609837382950484,0.0,0.0,0.0,8.210309048244628,0.0,0.0,0.0,0.0
pt_78,0.0,0.0,0.0,0.0,0.0,1.487665140416225,0.0,8.072181126771694,0.0,0.0,8.042345710352249,0.0,0.0,0.0,0.0,0.0,0.0,0.0,0.0,0.0,0.0,0.0,0.0,0.0,0.0,0.0,0.0,0.0,0.0,2.435576812789916,3.730750404258966,0.0,0.0,0.0,0.0,9.137248949232765,0.0,0.0,0.0,0.0,0.0,0.0,0.0,0.0,0.0,0.0,0.0,0.0,7.00727994609705,0.0,0.0,0.0,0.0,0.0,0.0,0.0,0.0,0.0,2.847443530506027,0.0,0.0,0.0,0.0,0.0,0.0,0.0,0.0,0.0,0.0,0.0,0.0,0.0,0.0,8.766926474384366,0.0,0.0,0.0,0.0,8.328448193199424,0.0,0.0,0.0,0.0,0.0,0.0,0.0,7.890563062065731,0.0,0.0,3.514782109913258,0.0,0.0,0.0,0.0,0.0,0.0,0.0,0.0,2.891517740555428,0.0,0.0,0.0,0.0,0.0,10.22644878636869,0.0,0.0,0.0,8.721269340257006,0.0,0.0,0.0,0.0,7.276390446167742,0.0,0.0,0.0,0.0,0.0,0.0,0.0,0.0,0.0,0.0,3.186801994184396,7.632240552378275,3.708630875555021,0.0,0.0,0.0,0.0,0.0,9.755294768897484,0.0,0.0,0.0,0.0,0.0,0.0,1.673221277964576,0.0,0.0,0.0,0.0,0.0,0.0,0.0,0.0,0.0,2.208555840348235,0.0,0.0,0.0,4.342977368061629,0.0,0.0,0.0,0.0,0.0,0.0,0.0,0.0,0.0,0.0,0.0,6.950130695707504,0.0,0.0,4.892605915935133,0.0,0.0,1.852237236495183,0.0,0.0,0.0,0.0,0.0,0.0,0.0,0.0,0.0,0.0,0.0,0.0,0.0,0.0,0.0,0.0,2.315699328571447,0.0,0.0,4.060945960302106,0.0,0.0,0.0,0.0,0.0,0.0,6.426012814866827,0.0,0.0,0.0,0.0,0.0,0.0,0.0,0.0,4.517125714400539,1.689582399861907,0.0,0.0,0.0,0.0,0.0,0.0,0.0,0.0,0.0,0.0,0.0,0.0,0.0,0.0,0.0,8.841745953813598,0.0,0.0,9.086657951156337,0.0,9.019715038982298,0.0,0.0,0.0,5.015399245392958,0.0,0.0,0.0,0.0,0.0,0.0,0.0,4.609837382950484,0.0,0.0,0.0,8.210309048244628,0.0,0.0,0.0,0.0
pt_79,0.0,0.0,0.0,0.0,0.0,1.487665140416225,0.0,8.072181126771694,0.0,0.0,8.042345710352249,0.0,0.0,0.0,0.0,0.0,0.0,0.0,0.0,0.0,0.0,0.0,0.0,0.0,0.0,0.0,0.0,0.0,0.0,2.435576812789916,3.730750404258966,0.0,0.0,0.0,0.0,9.137248949232765,0.0,0.0,0.0,0.0,0.0,0.0,0.0,0.0,0.0,0.0,0.0,0.0,7.00727994609705,0.0,0.0,0.0,0.0,0.0,0.0,0.0,0.0,0.0,2.847443530506027,0.0,0.0,0.0,0.0,0.0,0.0,0.0,0.0,0.0,0.0,0.0,0.0,0.0,0.0,8.766926474384366,0.0,0.0,0.0,0.0,8.328448193199424,0.0,0.0,0.0,0.0,0.0,0.0,0.0,7.890563062065731,0.0,0.0,3.514782109913258,0.0,0.0,0.0,0.0,0.0,0.0,0.0,0.0,2.891517740555428,0.0,0.0,0.0,0.0,0.0,10.22644878636869,0.0,0.0,0.0,8.721269340257006,0.0,0.0,0.0,0.0,7.276390446167742,0.0,0.0,0.0,0.0,0.0,0.0,0.0,0.0,0.0,0.0,3.186801994184396,7.632240552378275,3.708630875555021,0.0,0.0,0.0,0.0,0.0,9.755294768897484,0.0,0.0,0.0,0.0,0.0,0.0,1.673221277964576,0.0,0.0,0.0,0.0,0.0,0.0,0.0,0.0,0.0,2.208555840348235,0.0,0.0,0.0,4.342977368061629,0.0,0.0,0.0,0.0,0.0,0.0,0.0,0.0,0.0,0.0,0.0,6.950130695707504,0.0,0.0,4.892605915935133,0.0,0.0,1.852237236495183,0.0,0.0,0.0,0.0,0.0,0.0,0.0,0.0,0.0,0.0,0.0,0.0,0.0,0.0,0.0,0.0,2.315699328571447,0.0,0.0,4.060945960302106,0.0,0.0,0.0,0.0,0.0,0.0,6.426012814866827,0.0,0.0,0.0,0.0,0.0,0.0,0.0,0.0,4.517125714400539,1.689582399861907,0.0,0.0,0.0,0.0,0.0,0.0,0.0,0.0,0.0,0.0,0.0,0.0,0.0,0.0,0.0,8.841745953813598,0.0,0.0,9.086657951156337,0.0,9.019715038982298,0.0,0.0,0.0,5.015399245392958,0.0,0.0,0.0,0.0,0.0,0.0,0.0,4.609837382950484,0.0,0.0,0.0,8.210309048244628,0.0,0.0,0.0,0.0
pt_80,0.0,0.0,0.0,0.0,0.0,0.0,0.0,8.072181126771694,5.274310727021152,0.0,6.835993853799412,2.313843097189258,0.0,0.0,0.0,0.0,0.0,0.0,0.0,0.0,0.0,0.0,0.0,2.368131134948453,0.0,4.470859796744129,5.249983819991257,0.0,0.0,9.742307251159664,7.461500808517932,0.0,0.0,0.0,2.3527779047828,1.728668720125117,0.0,0.0,0.0,0.0,0.0,0.0,0.0,0.0,0.0,0.0,0.0,0.0,0.0,0.0,0.0,0.0,0.0,0.0,0.0,0.0,0.0,0.0,0.0,0.0,8.528604066571058,0.0,0.0,0.0,0.0,0.0,0.0,0.0,0.0,0.0,0.0,0.0,0.0,8.766926474384366,0.0,0.0,3.760647432343061,4.068414008119913,8.328448193199424,0.0,0.0,0.0,0.0,0.0,0.0,0.0,7.890563062065731,0.0,1.803461778051687,7.029564219826516,0.0,0.0,0.0,0.0,0.0,0.0,0.0,3.971715833363735,0.0,0.0,0.0,1.765781224830541,5.949903513711453,0.0,10.22644878636869,0.0,0.0,7.532397332779301,8.06717413973773,0.0,0.0,0.0,0.0,9.701853928223656,1.805479700452154,1.966748683408529,7.422312799555984,0.0,0.0,0.0,9.458971401414894,0.0,0.0,0.0,0.0,6.893636627954571,7.417261751110042,0.0,0.0,0.0,0.0,0.0,9.755294768897484,0.0,0.0,0.0,0.0,0.0,0.0,6.692885111858305,0.0,6.897654003351175,0.0,0.0,0.0,0.0,0.0,0.0,0.0,8.834223361392938,0.0,0.0,0.0,8.685954736123259,7.045737042872634,0.0,0.0,0.0,0.0,3.815390617463817,0.0,0.0,0.0,0.0,9.028397550105948,6.277537402574519,7.506735569420636,0.0,9.785211831870265,0.0,0.0,7.408948945980733,0.0,0.0,0.0,0.0,0.0,0.0,0.0,6.903104757619269,0.0,0.0,0.0,0.0,0.0,0.0,0.0,0.0,9.26279731428579,0.0,0.0,5.482277046407843,0.0,0.0,0.0,0.0,0.0,0.0,2.249104485203389,0.0,0.0,4.677815705238932,0.0,0.0,0.0,0.0,0.0,9.034251428801078,6.758329599447627,0.0,0.0,0.0,0.0,0.0,0.0,0.0,0.0,0.0,0.0,0.0,0.0,0.0,0.0,0.0,7.515484060741558,0.0,0.0,7.723659258482886,0.0,9.019715038982298,0.0,8.675224977623744,0.0,6.687198993857278,0.0,0.0,0.0,0.0,0.0,0.0,0.0,9.219674765900967,0.0,7.571289864453377,0.0,8.210309048244628,5.88029073509185,0.0,0.0,0.0
pt_81,0.0,0.0,0.0,0.0,0.0,0.0,0.0,8.072181126771694,5.274310727021152,0.0,6.835993853799412,2.313843097189258,0.0,0.0,0.0,0.0,0.0,0.0,0.0,0.0,0.0,0.0,0.0,2.368131134948453,0.0,4.470859796744129,5.249983819991257,0.0,0.0,9.742307251159664,7.461500808517932,0.0,0.0,0.0,2.3527779047828,1.728668720125117,0.0,0.0,0.0,0.0,0.0,0.0,0.0,0.0,0.0,0.0,0.0,0.0,0.0,0.0,0.0,0.0,0.0,0.0,0.0,0.0,0.0,0.0,0.0,0.0,8.528604066571058,0.0,0.0,0.0,0.0,0.0,0.0,0.0,0.0,0.0,0.0,0.0,0.0,8.766926474384366,0.0,0.0,3.760647432343061,4.068414008119913,8.328448193199424,0.0,0.0,0.0,0.0,0.0,0.0,0.0,7.890563062065731,0.0,1.803461778051687,7.029564219826516,0.0,0.0,0.0,0.0,0.0,0.0,0.0,3.971715833363735,0.0,0.0,0.0,1.765781224830541,5.949903513711453,0.0,10.22644878636869,0.0,0.0,7.532397332779301,8.06717413973773,0.0,0.0,0.0,0.0,9.701853928223656,1.805479700452154,1.966748683408529,7.422312799555984,0.0,0.0,0.0,9.458971401414894,0.0,0.0,0.0,0.0,6.893636627954571,7.417261751110042,0.0,0.0,0.0,0.0,0.0,9.755294768897484,0.0,0.0,0.0,0.0,0.0,0.0,6.692885111858305,0.0,6.897654003351175,0.0,0.0,0.0,0.0,0.0,0.0,0.0,8.834223361392938,0.0,0.0,0.0,8.685954736123259,7.045737042872634,0.0,0.0,0.0,0.0,3.815390617463817,0.0,0.0,0.0,0.0,9.028397550105948,6.277537402574519,7.506735569420636,0.0,9.785211831870265,0.0,0.0,7.408948945980733,0.0,0.0,0.0,0.0,0.0,0.0,0.0,6.903104757619269,0.0,0.0,0.0,0.0,0.0,0.0,0.0,0.0,9.26279731428579,0.0,0.0,5.482277046407843,0.0,0.0,0.0,0.0,0.0,0.0,2.249104485203389,0.0,0.0,4.677815705238932,0.0,0.0,0.0,0.0,0.0,9.034251428801078,6.758329599447627,0.0,0.0,0.0,0.0,0.0,0.0,0.0,0.0,0.0,0.0,0.0,0.0,0.0,0.0,0.0,7.515484060741558,0.0,0.0,7.723659258482886,0.0,9.019715038982298,0.0,8.675224977623744,0.0,6.687198993857278,0.0,0.0,0.0,0.0,0.0,0.0,0.0,9.219674765900967,0.0,7.571289864453377,0.0,8.210309048244628,5.88029073509185,0.0,0.0,0.0
pt_82,0.0,0.0,0.0,0.0,0.0,0.0,0.0,8.072181126771694,5.274310727021152,0.0,6.835993853799412,2.313843097189258,0.0,0.0,0.0,0.0,0.0,0.0,0.0,0.0,0.0,0.0,0.0,2.368131134948453,0.0,4.470859796744129,5.249983819991257,0.0,0.0,9.742307251159664,7.461500808517932,0.0,0.0,0.0,2.3527779047828,1.728668720125117,0.0,0.0,0.0,0.0,0.0,0.0,0.0,0.0,0.0,0.0,0.0,0.0,0.0,0.0,0.0,0.0,0.0,0.0,0.0,0.0,0.0,0.0,0.0,0.0,8.528604066571058,0.0,0.0,0.0,0.0,0.0,0.0,0.0,0.0,0.0,0.0,0.0,0.0,8.766926474384366,0.0,0.0,3.760647432343061,4.068414008119913,8.328448193199424,0.0,0.0,0.0,0.0,0.0,0.0,0.0,7.890563062065731,0.0,1.803461778051687,7.029564219826516,0.0,0.0,0.0,0.0,0.0,0.0,0.0,3.971715833363735,0.0,0.0,0.0,1.765781224830541,5.949903513711453,0.0,10.22644878636869,0.0,0.0,7.532397332779301,8.06717413973773,0.0,0.0,0.0,0.0,9.701853928223656,1.805479700452154,1.966748683408529,7.422312799555984,0.0,0.0,0.0,9.458971401414894,0.0,0.0,0.0,0.0,6.893636627954571,7.417261751110042,0.0,0.0,0.0,0.0,0.0,9.755294768897484,0.0,0.0,0.0,0.0,0.0,0.0,6.692885111858305,0.0,6.897654003351175,0.0,0.0,0.0,0.0,0.0,0.0,0.0,8.834223361392938,0.0,0.0,0.0,8.685954736123259,7.045737042872634,0.0,0.0,0.0,0.0,3.815390617463817,0.0,0.0,0.0,0.0,9.028397550105948,6.277537402574519,7.506735569420636,0.0,9.785211831870265,0.0,0.0,7.408948945980733,0.0,0.0,0.0,0.0,0.0,0.0,0.0,6.903104757619269,0.0,0.0,0.0,0.0,0.0,0.0,0.0,0.0,9.26279731428579,0.0,0.0,5.482277046407843,0.0,0.0,0.0,0.0,0.0,0.0,2.249104485203389,0.0,0.0,4.677815705238932,0.0,0.0,0.0,0.0,0.0,9.034251428801078,6.758329599447627,0.0,0.0,0.0,0.0,0.0,0.0,0.0,0.0,0.0,0.0,0.0,0.0,0.0,0.0,0.0,7.515484060741558,0.0,0.0,7.723659258482886,0.0,9.019715038982298,0.0,8.675224977623744,0.0,6.687198993857278,0.0,0.0,0.0,0.0,0.0,0.0,0.0,9.219674765900967,0.0,7.571289864453377,0.0,8.210309048244628,5.88029073509185,0.0,0.0,0.0
pt_83,0.0,0.0,0.0,0.0,0.0,0.0,0.0,8.072181126771694,5.274310727021152,0.0,6.835993853799412,2.313843097189258,0.0,0.0,0.0,0.0,0.0,0.0,0.0,0.0,0.0,0.0,0.0,2.368131134948453,0.0,4.470859796744129,5.249983819991257,0.0,0.0,9.742307251159664,7.461500808517932,0.0,0.0,0.0,2.3527779047828,1.728668720125117,0.0,0.0,0.0,0.0,0.0,0.0,0.0,0.0,0.0,0.0,0.0,0.0,0.0,0.0,0.0,0.0,0.0,0.0,0.0,0.0,0.0,0.0,0.0,0.0,8.528604066571058,0.0,0.0,0.0,0.0,0.0,0.0,0.0,0.0,0.0,0.0,0.0,0.0,8.766926474384366,0.0,0.0,3.760647432343061,4.068414008119913,8.328448193199424,0.0,0.0,0.0,0.0,0.0,0.0,0.0,7.890563062065731,0.0,1.803461778051687,7.029564219826516,0.0,0.0,0.0,0.0,0.0,0.0,0.0,3.971715833363735,0.0,0.0,0.0,1.765781224830541,5.949903513711453,0.0,10.22644878636869,0.0,0.0,7.532397332779301,8.06717413973773,0.0,0.0,0.0,0.0,9.701853928223656,1.805479700452154,1.966748683408529,7.422312799555984,0.0,0.0,0.0,9.458971401414894,0.0,0.0,0.0,0.0,6.893636627954571,7.417261751110042,0.0,0.0,0.0,0.0,0.0,9.755294768897484,0.0,0.0,0.0,0.0,0.0,0.0,6.692885111858305,0.0,6.897654003351175,0.0,0.0,0.0,0.0,0.0,0.0,0.0,8.834223361392938,0.0,0.0,0.0,8.685954736123259,7.045737042872634,0.0,0.0,0.0,0.0,3.815390617463817,0.0,0.0,0.0,0.0,9.028397550105948,6.277537402574519,7.506735569420636,0.0,9.785211831870265,0.0,0.0,7.408948945980733,0.0,0.0,0.0,0.0,0.0,0.0,0.0,6.903104757619269,0.0,0.0,0.0,0.0,0.0,0.0,0.0,0.0,9.26279731428579,0.0,0.0,5.482277046407843,0.0,0.0,0.0,0.0,0.0,0.0,2.249104485203389,0.0,0.0,4.677815705238932,0.0,0.0,0.0,0.0,0.0,9.034251428801078,6.758329599447627,0.0,0.0,0.0,0.0,0.0,0.0,0.0,0.0,0.0,0.0,0.0,0.0,0.0,0.0,0.0,7.515484060741558,0.0,0.0,7.723659258482886,0.0,9.019715038982298,0.0,8.675224977623744,0.0,6.687198993857278,0.0,0.0,0.0,0.0,0.0,0.0,0.0,9.219674765900967,0.0,7.571289864453377,0.0,8.210309048244628,5.88029073509185,0.0,0.0,0.0
pt_84,0.0,0.0,0.0,0.0,0.0,0.0,7.209461357048016,7.466767542263817,10.5486214540423,0.0,1.407410499311644,9.255372388757033,0.0,0.0,0.0,0.0,0.0,0.0,0.0,0.0,0.0,4.683436671042738,0.0,9.472524539793813,0.0,8.941719593488259,6.99997842665501,0.0,0.0,9.01163420732269,6.342275687240242,0.0,0.0,0.0,9.411111619131201,0.0,0.0,0.0,4.985607863639082,0.0,0.0,0.0,0.0,0.0,0.0,0.0,2.25004744684701,0.0,0.0,0.0,0.0,0.0,0.0,0.0,0.0,0.0,0.0,0.0,0.0,0.0,7.888958761578229,0.0,0.0,0.0,4.4536465807728,0.0,0.0,0.0,2.481761388255433,0.0,8.381620033126422,9.928239174253997,0.0,8.766926474384366,0.0,0.0,7.521294864686123,8.136828016239827,4.372435301429697,0.0,8.056971645716793,0.0,0.0,0.0,0.0,0.0,7.890563062065731,0.0,7.213847112206749,7.029564219826516,0.0,0.0,0.0,0.0,0.0,1.814479898007789,0.0,7.94343166672747,0.0,2.420579337201528,0.0,7.063124899322163,7.933204684948604,0.0,10.22644878636869,0.0,0.0,10.04319644370573,1.526222134544976,0.0,3.691178479403716,2.025468422595681,2.054300562915609,9.701853928223656,6.680274891672969,7.866994733634118,9.896417066074646,0.0,0.0,0.0,9.458971401414894,0.0,0.0,0.0,0.0,0.0,7.417261751110042,0.0,0.0,0.0,0.0,0.0,3.414353169114119,0.0,0.0,0.0,1.892981308371785,0.0,0.0,6.692885111858305,0.0,9.196872004468233,0.0,0.0,0.0,0.0,7.20145664182864,0.0,0.0,8.834223361392938,3.718708708295001,0.0,0.0,7.383061525704769,7.045737042872634,2.200708448903905,4.069970463761088,0.0,0.0,7.630781234927634,3.953043301490068,0.0,0.0,0.0,9.028397550105948,6.277537402574519,10.00898075922751,0.0,9.785211831870265,0.0,0.0,1.296566065546628,0.0,0.0,0.0,0.0,0.0,0.0,8.391580178021442,6.903104757619269,0.0,0.0,0.0,0.0,5.756123809239252,0.0,0.0,2.15270114002443,8.568087515714355,0.0,0.0,0.0,0.0,0.0,0.0,0.0,0.0,0.0,0.0,0.0,2.376293907018991,9.355631410477864,0.0,3.984442029248028,0.0,0.0,0.0,9.034251428801078,6.758329599447627,2.247011843268758,0.0,0.0,6.882841739359898,0.0,0.0,0.0,7.45317224086226,9.077402613284658,0.0,0.0,2.270260671153564,0.0,0.0,0.0,1.54730554191738,0.0,0.0,0.0,0.0,5.411829023389378,0.0,8.675224977623744,0.0,4.012319396314367,0.0,0.0,0.0,0.0,0.0,0.0,8.995934958053631,9.219674765900967,0.0,7.571289864453377,0.0,4.926185428946776,7.840387646789133,0.0,0.0,0.0
pt_85,0.0,0.0,0.0,0.0,0.0,0.0,7.209461357048016,7.466767542263817,10.5486214540423,0.0,1.407410499311644,9.255372388757033,0.0,0.0,0.0,0.0,0.0,0.0,0.0,0.0,0.0,4.683436671042738,0.0,9.472524539793813,0.0,8.941719593488259,6.99997842665501,0.0,0.0,9.01163420732269,6.342275687240242,0.0,0.0,0.0,9.411111619131201,0.0,0.0,0.0,4.985607863639082,0.0,0.0,0.0,0.0,0.0,0.0,0.0,2.25004744684701,0.0,0.0,0.0,0.0,0.0,0.0,0.0,0.0,0.0,0.0,0.0,0.0,0.0,7.888958761578229,0.0,0.0,0.0,4.4536465807728,0.0,0.0,0.0,2.481761388255433,0.0,8.381620033126422,9.928239174253997,0.0,8.766926474384366,0.0,0.0,7.521294864686123,8.136828016239827,4.372435301429697,0.0,8.056971645716793,0.0,0.0,0.0,0.0,0.0,7.890563062065731,0.0,7.213847112206749,7.029564219826516,0.0,0.0,0.0,0.0,0.0,1.814479898007789,0.0,7.94343166672747,0.0,2.420579337201528,0.0,7.063124899322163,7.933204684948604,0.0,10.22644878636869,0.0,0.0,10.04319644370573,1.526222134544976,0.0,3.691178479403716,2.025468422595681,2.054300562915609,9.701853928223656,6.680274891672969,7.866994733634118,9.896417066074646,0.0,0.0,0.0,9.458971401414894,0.0,0.0,0.0,0.0,0.0,7.417261751110042,0.0,0.0,0.0,0.0,0.0,3.414353169114119,0.0,0.0,0.0,1.892981308371785,0.0,0.0,6.692885111858305,0.0,9.196872004468233,0.0,0.0,0.0,0.0,7.20145664182864,0.0,0.0,8.834223361392938,3.718708708295001,0.0,0.0,7.383061525704769,7.045737042872634,2.200708448903905,4.069970463761088,0.0,0.0,7.630781234927634,3.953043301490068,0.0,0.0,0.0,9.028397550105948,6.277537402574519,10.00898075922751,0.0,9.785211831870265,0.0,0.0,1.296566065546628,0.0,0.0,0.0,0.0,0.0,0.0,8.391580178021442,6.903104757619269,0.0,0.0,0.0,0.0,5.756123809239252,0.0,0.0,2.15270114002443,8.568087515714355,0.0,0.0,0.0,0.0,0.0,0.0,0.0,0.0,0.0,0.0,0.0,2.376293907018991,9.355631410477864,0.0,3.984442029248028,0.0,0.0,0.0,9.034251428801078,6.758329599447627,2.247011843268758,0.0,0.0,6.882841739359898,0.0,0.0,0.0,7.45317224086226,9.077402613284658,0.0,0.0,2.270260671153564,0.0,0.0,0.0,1.54730554191738,0.0,0.0,0.0,0.0,5.411829023389378,0.0,8.675224977623744,0.0,4.012319396314367,0.0,0.0,0.0,0.0,0.0,0.0,8.995934958053631,9.219674765900967,0.0,7.571289864453377,0.0,4.926185428946776,7.840387646789133,0.0,0.0,0.0
pt_86,0.0,0.0,0.0,0.0,0.0,0.0,7.209461357048016,7.466767542263817,10.5486214540423,0.0,1.407410499311644,9.255372388757033,0.0,0.0,0.0,0.0,0.0,0.0,0.0,0.0,0.0,4.683436671042738,0.0,9.472524539793813,0.0,8.941719593488259,6.99997842665501,0.0,0.0,9.01163420732269,6.342275687240242,0.0,0.0,0.0,9.411111619131201,0.0,0.0,0.0,4.985607863639082,0.0,0.0,0.0,0.0,0.0,0.0,0.0,2.25004744684701,0.0,0.0,0.0,0.0,0.0,0.0,0.0,0.0,0.0,0.0,0.0,0.0,0.0,7.888958761578229,0.0,0.0,0.0,4.4536465807728,0.0,0.0,0.0,2.481761388255433,0.0,8.381620033126422,9.928239174253997,0.0,8.766926474384366,0.0,0.0,7.521294864686123,8.136828016239827,4.372435301429697,0.0,8.056971645716793,0.0,0.0,0.0,0.0,0.0,7.890563062065731,0.0,7.213847112206749,7.029564219826516,0.0,0.0,0.0,0.0,0.0,1.814479898007789,0.0,7.94343166672747,0.0,2.420579337201528,0.0,7.063124899322163,7.933204684948604,0.0,10.22644878636869,0.0,0.0,10.04319644370573,1.526222134544976,0.0,3.691178479403716,2.025468422595681,2.054300562915609,9.701853928223656,6.680274891672969,7.866994733634118,9.896417066074646,0.0,0.0,0.0,9.458971401414894,0.0,0.0,0.0,0.0,0.0,7.417261751110042,0.0,0.0,0.0,0.0,0.0,3.414353169114119,0.0,0.0,0.0,1.892981308371785,0.0,0.0,6.692885111858305,0.0,9.196872004468233,0.0,0.0,0.0,0.0,7.20145664182864,0.0,0.0,8.834223361392938,3.718708708295001,0.0,0.0,7.383061525704769,7.045737042872634,2.200708448903905,4.069970463761088,0.0,0.0,7.630781234927634,3.953043301490068,0.0,0.0,0.0,9.028397550105948,6.277537402574519,10.00898075922751,0.0,9.785211831870265,0.0,0.0,1.296566065546628,0.0,0.0,0.0,0.0,0.0,0.0,8.391580178021442,6.903104757619269,0.0,0.0,0.0,0.0,5.756123809239252,0.0,0.0,2.15270114002443,8.568087515714355,0.0,0.0,0.0,0.0,0.0,0.0,0.0,0.0,0.0,0.0,0.0,2.376293907018991,9.355631410477864,0.0,3.984442029248028,0.0,0.0,0.0,9.034251428801078,6.758329599447627,2.247011843268758,0.0,0.0,6.882841739359898,0.0,0.0,0.0,7.45317224086226,9.077402613284658,0.0,0.0,2.270260671153564,0.0,0.0,0.0,1.54730554191738,0.0,0.0,0.0,0.0,5.411829023389378,0.0,8.675224977623744,0.0,4.012319396314367,0.0,0.0,0.0,0.0,0.0,0.0,8.995934958053631,9.219674765900967,0.0,7.571289864453377,0.0,4.926185428946776,7.840387646789133,0.0,0.0,0.0
pt_87,0.0,0.0,0.0,0.0,0.0,0.0,7.209461357048016,7.466767542263817,10.5486214540423,0.0,1.407410499311644,9.255372388757033,0.0,0.0,0.0,0.0,0.0,0.0,0.0,0.0,0.0,4.683436671042738,0.0,9.472524539793813,0.0,8.941719593488259,6.99997842665501,0.0,0.0,9.01163420732269,6.342275687240242,0.0,0.0,0.0,9.411111619131201,0.0,0.0,0.0,4.985607863639082,0.0,0.0,0.0,0.0,0.0,0.0,0.0,2.25004744684701,0.0,0.0,0.0,0.0,0.0,0.0,0.0,0.0,0.0,0.0,0.0,0.0,0.0,7.888958761578229,0.0,0.0,0.0,4.4536465807728,0.0,0.0,0.0,2.481761388255433,0.0,8.381620033126422,9.928239174253997,0.0,8.766926474384366,0.0,0.0,7.521294864686123,8.136828016239827,4.372435301429697,0.0,8.056971645716793,0.0,0.0,0.0,0.0,0.0,7.890563062065731,0.0,7.213847112206749,7.029564219826516,0.0,0.0,0.0,0.0,0.0,1.814479898007789,0.0,7.94343166672747,0.0,2.420579337201528,0.0,7.063124899322163,7.933204684948604,0.0,10.22644878636869,0.0,0.0,10.04319644370573,1.526222134544976,0.0,3.691178479403716,2.025468422595681,2.054300562915609,9.701853928223656,6.680274891672969,7.866994733634118,9.896417066074646,0.0,0.0,0.0,9.458971401414894,0.0,0.0,0.0,0.0,0.0,7.417261751110042,0.0,0.0,0.0,0.0,0.0,3.414353169114119,0.0,0.0,0.0,1.892981308371785,0.0,0.0,6.692885111858305,0.0,9.196872004468233,0.0,0.0,0.0,0.0,7.20145664182864,0.0,0.0,8.834223361392938,3.718708708295001,0.0,0.0,7.383061525704769,7.045737042872634,2.200708448903905,4.069970463761088,0.0,0.0,7.630781234927634,3.953043301490068,0.0,0.0,0.0,9.028397550105948,6.277537402574519,10.00898075922751,0.0,9.785211831870265,0.0,0.0,1.296566065546628,0.0,0.0,0.0,0.0,0.0,0.0,8.391580178021442,6.903104757619269,0.0,0.0,0.0,0.0,5.756123809239252,0.0,0.0,2.15270114002443,8.568087515714355,0.0,0.0,0.0,0.0,0.0,0.0,0.0,0.0,0.0,0.0,0.0,2.376293907018991,9.355631410477864,0.0,3.984442029248028,0.0,0.0,0.0,9.034251428801078,6.758329599447627,2.247011843268758,0.0,0.0,6.882841739359898,0.0,0.0,0.0,7.45317224086226,9.077402613284658,0.0,0.0,2.270260671153564,0.0,0.0,0.0,1.54730554191738,0.0,0.0,0.0,0.0,5.411829023389378,0.0,8.675224977623744,0.0,4.012319396314367,0.0,0.0,0.0,0.0,0.0,0.0,8.995934958053631,9.219674765900967,0.0,7.571289864453377,0.0,4.926185428946776,7.840387646789133,0.0,0.0,0.0
pt_88,5.303097816853868,0.0,7.880503444130222,7.531250528123313,0.0,0.0,7.209461357048016,1.412631697185046,1.846008754457403,0.0,0.0,9.255372388757033,0.0,0.0,0.0,0.0,0.0,0.0,0.0,0.0,0.0,9.366873342085476,0.0,9.472524539793813,0.0,8.941719593488259,6.99997842665501,6.778017332767048,0.0,1.704903768952941,0.0,0.0,7.594242333392608,0.0,9.411111619131201,0.0,0.0,0.0,6.148916365154868,0.0,0.0,0.0,0.0,0.0,0.0,0.0,9.000189787388042,0.0,0.0,0.0,1.909010700800799,0.0,0.0,0.0,0.0,0.0,0.0,0.0,0.0,0.0,1.492505711649935,0.0,0.0,0.0,8.9072931615456,0.0,9.686484117698575,0.0,9.927045553021733,0.0,8.381620033126422,9.928239174253997,4.930932991209001,8.766926474384366,0.0,0.0,4.512776918811674,8.136828016239827,0.0,0.0,10.74262886095572,0.0,0.0,0.0,0.0,4.804336690169716,7.890563062065731,6.22340496503122,1.262423244636181,7.029564219826516,7.780899086780053,0.0,0.0,0.0,0.0,7.257919592031154,0.0,7.94343166672747,0.0,9.682317348806112,0.0,7.063124899322163,7.933204684948604,0.0,3.579257075229043,0.0,0.0,10.04319644370573,0.0,0.0,7.382356958807432,5.468764741008338,8.217202251662437,5.821112356934194,0.0,7.866994733634118,9.896417066074646,4.358232688111852,0.0,2.070303096135156,3.310639990495213,0.0,3.194639406727092,6.16234054998622,0.0,0.0,7.417261751110042,0.0,7.483596177455134,6.810613949882839,0.0,0.0,0.0,0.0,0.0,0.0,7.571925233487138,0.0,0.0,6.692885111858305,0.0,9.196872004468233,0.0,0.0,0.0,0.0,9.601942189104854,0.0,0.0,8.834223361392938,7.437417416590002,0.0,0.0,0.0,7.045737042872634,8.80283379561562,8.139940927522176,0.0,0.0,4.578468740956581,7.906086602980136,0.0,0.0,0.0,8.351267733848001,0.0,10.00898075922751,0.0,5.871127099122159,0.0,0.0,0.0,5.882758170124903,0.0,0.0,0.0,0.0,0.0,1.468526531153753,6.385371900797823,0.0,0.0,0.0,0.0,7.674831745652336,0.0,0.0,8.61080456009772,1.620989530000013,0.0,4.83817167317433,0.0,0.0,0.0,7.493601013324221,0.0,8.768394333770207,0.0,0.0,0.0,9.505175628075962,9.355631410477864,0.0,7.968884058496057,0.0,0.0,0.0,3.161988000080378,6.758329599447627,8.988047373075032,0.0,0.0,3.900276985637275,1.940383333105163,0.0,0.0,7.45317224086226,9.077402613284658,0.0,2.048897597991396,9.081042684614257,0.0,0.0,0.0,0.0,0.0,0.0,0.0,0.0,0.0,0.0,8.675224977623744,0.0,0.0,0.0,7.93022008549189,0.0,4.060437580759021,0.0,0.0,8.995934958053631,9.219674765900967,0.0,7.571289864453377,8.146115548128147,0.0,7.840387646789133,0.0,0.0,6.19750211149249
pt_89,5.303097816853868,0.0,7.880503444130222,7.531250528123313,0.0,0.0,7.209461357048016,1.412631697185046,1.846008754457403,0.0,0.0,9.255372388757033,0.0,0.0,0.0,0.0,0.0,0.0,0.0,0.0,0.0,9.366873342085476,0.0,9.472524539793813,0.0,8.941719593488259,6.99997842665501,6.778017332767048,0.0,1.704903768952941,0.0,0.0,7.594242333392608,0.0,9.411111619131201,0.0,0.0,0.0,6.148916365154868,0.0,0.0,0.0,0.0,0.0,0.0,0.0,9.000189787388042,0.0,0.0,0.0,1.909010700800799,0.0,0.0,0.0,0.0,0.0,0.0,0.0,0.0,0.0,1.492505711649935,0.0,0.0,0.0,8.9072931615456,0.0,9.686484117698575,0.0,9.927045553021733,0.0,8.381620033126422,9.928239174253997,4.930932991209001,8.766926474384366,0.0,0.0,4.512776918811674,8.136828016239827,0.0,0.0,10.74262886095572,0.0,0.0,0.0,0.0,4.804336690169716,7.890563062065731,6.22340496503122,1.262423244636181,7.029564219826516,7.780899086780053,0.0,0.0,0.0,0.0,7.257919592031154,0.0,7.94343166672747,0.0,9.682317348806112,0.0,7.063124899322163,7.933204684948604,0.0,3.579257075229043,0.0,0.0,10.04319644370573,0.0,0.0,7.382356958807432,5.468764741008338,8.217202251662437,5.821112356934194,0.0,7.866994733634118,9.896417066074646,4.358232688111852,0.0,2.070303096135156,3.310639990495213,0.0,3.194639406727092,6.16234054998622,0.0,0.0,7.417261751110042,0.0,7.483596177455134,6.810613949882839,0.0,0.0,0.0,0.0,0.0,0.0,7.571925233487138,0.0,0.0,6.692885111858305,0.0,9.196872004468233,0.0,0.0,0.0,0.0,9.601942189104854,0.0,0.0,8.834223361392938,7.437417416590002,0.0,0.0,0.0,7.045737042872634,8.80283379561562,8.139940927522176,0.0,0.0,4.578468740956581,7.906086602980136,0.0,0.0,0.0,8.351267733848001,0.0,10.00898075922751,0.0,5.871127099122159,0.0,0.0,0.0,5.882758170124903,0.0,0.0,0.0,0.0,0.0,1.468526531153753,6.385371900797823,0.0,0.0,0.0,0.0,7.674831745652336,0.0,0.0,8.61080456009772,1.620989530000013,0.0,4.83817167317433,0.0,0.0,0.0,7.493601013324221,0.0,8.768394333770207,0.0,0.0,0.0,9.505175628075962,9.355631410477864,0.0,7.968884058496057,0.0,0.0,0.0,3.161988000080378,6.758329599447627,8.988047373075032,0.0,0.0,3.900276985637275,1.940383333105163,0.0,0.0,7.45317224086226,9.077402613284658,0.0,2.048897597991396,9.081042684614257,0.0,0.0,0.0,0.0,0.0,0.0,0.0,0.0,0.0,0.0,8.675224977623744,0.0,0.0,0.0,7.93022008549189,0.0,4.060437580759021,0.0,0.0,8.995934958053631,9.219674765900967,0.0,7.571289864453377,8.146115548128147,0.0,7.840387646789133,0.0,0.0,6.19750211149249
pt_90,5.303097816853868,0.0,7.880503444130222,7.531250528123313,0.0,0.0,7.209461357048016,1.412631697185046,1.846008754457403,0.0,0.0,9.255372388757033,0.0,0.0,0.0,0.0,0.0,0.0,0.0,0.0,0.0,9.366873342085476,0.0,9.472524539793813,0.0,8.941719593488259,6.99997842665501,6.778017332767048,0.0,1.704903768952941,0.0,0.0,7.594242333392608,0.0,9.411111619131201,0.0,0.0,0.0,6.148916365154868,0.0,0.0,0.0,0.0,0.0,0.0,0.0,9.000189787388042,0.0,0.0,0.0,1.909010700800799,0.0,0.0,0.0,0.0,0.0,0.0,0.0,0.0,0.0,1.492505711649935,0.0,0.0,0.0,8.9072931615456,0.0,9.686484117698575,0.0,9.927045553021733,0.0,8.381620033126422,9.928239174253997,4.930932991209001,8.766926474384366,0.0,0.0,4.512776918811674,8.136828016239827,0.0,0.0,10.74262886095572,0.0,0.0,0.0,0.0,4.804336690169716,7.890563062065731,6.22340496503122,1.262423244636181,7.029564219826516,7.780899086780053,0.0,0.0,0.0,0.0,7.257919592031154,0.0,7.94343166672747,0.0,9.682317348806112,0.0,7.063124899322163,7.933204684948604,0.0,3.579257075229043,0.0,0.0,10.04319644370573,0.0,0.0,7.382356958807432,5.468764741008338,8.217202251662437,5.821112356934194,0.0,7.866994733634118,9.896417066074646,4.358232688111852,0.0,2.070303096135156,3.310639990495213,0.0,3.194639406727092,6.16234054998622,0.0,0.0,7.417261751110042,0.0,7.483596177455134,6.810613949882839,0.0,0.0,0.0,0.0,0.0,0.0,7.571925233487138,0.0,0.0,6.692885111858305,0.0,9.196872004468233,0.0,0.0,0.0,0.0,9.601942189104854,0.0,0.0,8.834223361392938,7.437417416590002,0.0,0.0,0.0,7.045737042872634,8.80283379561562,8.139940927522176,0.0,0.0,4.578468740956581,7.906086602980136,0.0,0.0,0.0,8.351267733848001,0.0,10.00898075922751,0.0,5.871127099122159,0.0,0.0,0.0,5.882758170124903,0.0,0.0,0.0,0.0,0.0,1.468526531153753,6.385371900797823,0.0,0.0,0.0,0.0,7.674831745652336,0.0,0.0,8.61080456009772,1.620989530000013,0.0,4.83817167317433,0.0,0.0,0.0,7.493601013324221,0.0,8.768394333770207,0.0,0.0,0.0,9.505175628075962,9.355631410477864,0.0,7.968884058496057,0.0,0.0,0.0,3.161988000080378,6.758329599447627,8.988047373075032,0.0,0.0,3.900276985637275,1.940383333105163,0.0,0.0,7.45317224086226,9.077402613284658,0.0,2.048897597991396,9.081042684614257,0.0,0.0,0.0,0.0,0.0,0.0,0.0,0.0,0.0,0.0,8.675224977623744,0.0,0.0,0.0,7.93022008549189,0.0,4.060437580759021,0.0,0.0,8.995934958053631,9.219674765900967,0.0,7.571289864453377,8.146115548128147,0.0,7.840387646789133,0.0,0.0,6.19750211149249
pt_91,5.303097816853868,0.0,7.880503444130222,7.531250528123313,0.0,0.0,7.209461357048016,1.412631697185046,1.846008754457403,0.0,0.0,9.255372388757033,0.0,0.0,0.0,0.0,0.0,0.0,0.0,0.0,0.0,9.366873342085476,0.0,9.472524539793813,0.0,8.941719593488259,6.99997842665501,6.778017332767048,0.0,1.704903768952941,0.0,0.0,7.594242333392608,0.0,9.411111619131201,0.0,0.0,0.0,6.148916365154868,0.0,0.0,0.0,0.0,0.0,0.0,0.0,9.000189787388042,0.0,0.0,0.0,1.909010700800799,0.0,0.0,0.0,0.0,0.0,0.0,0.0,0.0,0.0,1.492505711649935,0.0,0.0,0.0,8.9072931615456,0.0,9.686484117698575,0.0,9.927045553021733,0.0,8.381620033126422,9.928239174253997,4.930932991209001,8.766926474384366,0.0,0.0,4.512776918811674,8.136828016239827,0.0,0.0,10.74262886095572,0.0,0.0,0.0,0.0,4.804336690169716,7.890563062065731,6.22340496503122,1.262423244636181,7.029564219826516,7.780899086780053,0.0,0.0,0.0,0.0,7.257919592031154,0.0,7.94343166672747,0.0,9.682317348806112,0.0,7.063124899322163,7.933204684948604,0.0,3.579257075229043,0.0,0.0,10.04319644370573,0.0,0.0,7.382356958807432,5.468764741008338,8.217202251662437,5.821112356934194,0.0,7.866994733634118,9.896417066074646,4.358232688111852,0.0,2.070303096135156,3.310639990495213,0.0,3.194639406727092,6.16234054998622,0.0,0.0,7.417261751110042,0.0,7.483596177455134,6.810613949882839,0.0,0.0,0.0,0.0,0.0,0.0,7.571925233487138,0.0,0.0,6.692885111858305,0.0,9.196872004468233,0.0,0.0,0.0,0.0,9.601942189104854,0.0,0.0,8.834223361392938,7.437417416590002,0.0,0.0,0.0,7.045737042872634,8.80283379561562,8.139940927522176,0.0,0.0,4.578468740956581,7.906086602980136,0.0,0.0,0.0,8.351267733848001,0.0,10.00898075922751,0.0,5.871127099122159,0.0,0.0,0.0,5.882758170124903,0.0,0.0,0.0,0.0,0.0,1.468526531153753,6.385371900797823,0.0,0.0,0.0,0.0,7.674831745652336,0.0,0.0,8.61080456009772,1.620989530000013,0.0,4.83817167317433,0.0,0.0,0.0,7.493601013324221,0.0,8.768394333770207,0.0,0.0,0.0,9.505175628075962,9.355631410477864,0.0,7.968884058496057,0.0,0.0,0.0,3.161988000080378,6.758329599447627,8.988047373075032,0.0,0.0,3.900276985637275,1.940383333105163,0.0,0.0,7.45317224086226,9.077402613284658,0.0,2.048897597991396,9.081042684614257,0.0,0.0,0.0,0.0,0.0,0.0,0.0,0.0,0.0,0.0,8.675224977623744,0.0,0.0,0.0,7.93022008549189,0.0,4.060437580759021,0.0,0.0,8.995934958053631,9.219674765900967,0.0,7.571289864453377,8.146115548128147,0.0,7.840387646789133,0.0,0.0,6.19750211149249
pt_92,10.60619563370774,0.0,7.880503444130222,7.531250528123313,0.0,0.0,7.209461357048016,0.0,0.0,0.0,0.0,9.255372388757033,0.0,0.0,0.0,2.574111408023769,0.0,0.0,1.38705158632996,0.0,0.0,7.961842340772655,0.0,9.472524539793813,0.0,5.365031756092955,6.99997842665501,9.037356443689397,2.576441588348065,0.0,0.0,0.0,7.594242333392608,0.0,9.411111619131201,0.0,2.422222916740601,0.0,0.0,0.0,0.0,0.0,0.0,0.0,0.0,0.0,9.000189787388042,0.0,0.0,6.925486118089823,7.636042803203194,0.0,0.0,5.943612316274741,1.720822949026524,6.196146775093668,0.0,0.0,0.0,7.378740824448347,0.0,0.0,0.0,0.0,7.571199187313759,0.0,9.686484117698575,0.0,9.927045553021733,7.11512682315632,8.381620033126422,9.928239174253997,9.861865982418003,8.766926474384366,0.0,0.0,0.0,4.882096809743896,0.0,0.0,10.74262886095572,7.111205049426641,0.0,0.0,0.0,6.405782253559622,7.890563062065731,8.297873286708294,0.0,7.029564219826516,10.37453211570674,0.0,0.0,0.0,0.0,7.257919592031154,0.0,7.94343166672747,0.0,9.682317348806112,0.0,4.237874939593297,7.933204684948604,4.980776866366033,0.0,2.470626453989669,1.873600499772377,10.04319644370573,0.0,0.0,7.382356958807432,0.0,8.217202251662437,0.0,0.0,7.866994733634118,9.896417066074646,8.716465376223704,0.0,8.281212384540623,0.0,0.0,2.715443495718028,8.216454066648293,0.0,0.0,7.417261751110042,2.382520038241088,7.483596177455134,6.810613949882839,0.0,0.0,0.0,0.0,0.0,2.272371246657635,7.571925233487138,0.0,0.0,6.692885111858305,0.0,7.817341203797998,1.707385454361828,0.0,0.0,0.0,5.761165313462913,0.0,0.0,6.846523105079527,7.437417416590002,3.583441285953564,0.0,0.0,7.045737042872634,8.80283379561562,6.918949788393849,0.0,0.0,0.0,7.906086602980136,5.176542799220053,0.0,0.0,1.579969571268541,0.0,10.00898075922751,0.0,0.0,0.0,0.0,0.0,7.843677560166538,5.068948741468385,0.0,1.7054295870258,0.0,6.81146404649625,0.0,1.208043332583372,0.0,1.236876886998689,0.0,0.0,4.604899047391401,0.0,0.0,3.65959193804153,0.0,2.23991159789368,9.67634334634866,0.0,0.0,0.0,7.493601013324221,2.397002374914807,8.768394333770207,0.0,0.0,1.760093437104513,1.663405734913293,3.274470993667252,2.342559927503942,7.968884058496057,0.0,0.0,1.954643409276376,0.0,2.365415359806669,7.639840267113777,1.652131381065312,2.493770516417155,0.0,7.761533332420654,0.0,0.0,7.45317224086226,8.396597417288309,0.0,8.195590391965583,3.859443140961059,0.0,0.0,0.0,0.0,0.0,2.44085462315872,0.0,1.850501752420788,0.0,0.0,8.675224977623744,0.0,0.0,0.0,7.93022008549189,2.131106905550224,8.120875161518041,0.0,0.0,7.646544714345586,4.840329252098007,1.79122985434143,7.571289864453377,8.146115548128147,0.0,7.252358573279948,0.0,0.0,8.263336148656654
pt_93,10.60619563370774,0.0,7.880503444130222,7.531250528123313,0.0,0.0,7.209461357048016,0.0,0.0,0.0,0.0,9.255372388757033,0.0,0.0,0.0,2.574111408023769,0.0,0.0,1.38705158632996,0.0,0.0,7.961842340772655,0.0,9.472524539793813,0.0,5.365031756092955,6.99997842665501,9.037356443689397,2.576441588348065,0.0,0.0,0.0,7.594242333392608,0.0,9.411111619131201,0.0,2.422222916740601,0.0,0.0,0.0,0.0,0.0,0.0,0.0,0.0,0.0,9.000189787388042,0.0,0.0,6.925486118089823,7.636042803203194,0.0,0.0,5.943612316274741,1.720822949026524,6.196146775093668,0.0,0.0,0.0,7.378740824448347,0.0,0.0,0.0,0.0,7.571199187313759,0.0,9.686484117698575,0.0,9.927045553021733,7.11512682315632,8.381620033126422,9.928239174253997,9.861865982418003,8.766926474384366,0.0,0.0,0.0,4.882096809743896,0.0,0.0,10.74262886095572,7.111205049426641,0.0,0.0,0.0,6.405782253559622,7.890563062065731,8.297873286708294,0.0,7.029564219826516,10.37453211570674,0.0,0.0,0.0,0.0,7.257919592031154,0.0,7.94343166672747,0.0,9.682317348806112,0.0,4.237874939593297,7.933204684948604,4.980776866366033,0.0,2.470626453989669,1.873600499772377,10.04319644370573,0.0,0.0,7.382356958807432,0.0,8.217202251662437,0.0,0.0,7.866994733634118,9.896417066074646,8.716465376223704,0.0,8.281212384540623,0.0,0.0,2.715443495718028,8.216454066648293,0.0,0.0,7.417261751110042,2.382520038241088,7.483596177455134,6.810613949882839,0.0,0.0,0.0,0.0,0.0,2.272371246657635,7.571925233487138,0.0,0.0,6.692885111858305,0.0,7.817341203797998,1.707385454361828,0.0,0.0,0.0,5.761165313462913,0.0,0.0,6.846523105079527,7.437417416590002,3.583441285953564,0.0,0.0,7.045737042872634,8.80283379561562,6.918949788393849,0.0,0.0,0.0,7.906086602980136,5.176542799220053,0.0,0.0,1.579969571268541,0.0,10.00898075922751,0.0,0.0,0.0,0.0,0.0,7.843677560166538,5.068948741468385,0.0,1.7054295870258,0.0,6.81146404649625,0.0,1.208043332583372,0.0,1.236876886998689,0.0,0.0,4.604899047391401,0.0,0.0,3.65959193804153,0.0,2.23991159789368,9.67634334634866,0.0,0.0,0.0,7.493601013324221,2.397002374914807,8.768394333770207,0.0,0.0,1.760093437104513,1.663405734913293,3.274470993667252,2.342559927503942,7.968884058496057,0.0,0.0,1.954643409276376,0.0,2.365415359806669,7.639840267113777,1.652131381065312,2.493770516417155,0.0,7.761533332420654,0.0,0.0,7.45317224086226,8.396597417288309,0.0,8.195590391965583,3.859443140961059,0.0,0.0,0.0,0.0,0.0,2.44085462315872,0.0,1.850501752420788,0.0,0.0,8.675224977623744,0.0,0.0,0.0,7.93022008549189,2.131106905550224,8.120875161518041,0.0,0.0,7.646544714345586,4.840329252098007,1.79122985434143,7.571289864453377,8.146115548128147,0.0,7.252358573279948,0.0,0.0,8.263336148656654
pt_94,10.60619563370774,0.0,7.880503444130222,7.531250528123313,0.0,0.0,7.209461357048016,0.0,0.0,0.0,0.0,9.255372388757033,0.0,0.0,0.0,2.574111408023769,0.0,0.0,1.38705158632996,0.0,0.0,7.961842340772655,0.0,9.472524539793813,0.0,5.365031756092955,6.99997842665501,9.037356443689397,2.576441588348065,0.0,0.0,0.0,7.594242333392608,0.0,9.411111619131201,0.0,2.422222916740601,0.0,0.0,0.0,0.0,0.0,0.0,0.0,0.0,0.0,9.000189787388042,0.0,0.0,6.925486118089823,7.636042803203194,0.0,0.0,5.943612316274741,1.720822949026524,6.196146775093668,0.0,0.0,0.0,7.378740824448347,0.0,0.0,0.0,0.0,7.571199187313759,0.0,9.686484117698575,0.0,9.927045553021733,7.11512682315632,8.381620033126422,9.928239174253997,9.861865982418003,8.766926474384366,0.0,0.0,0.0,4.882096809743896,0.0,0.0,10.74262886095572,7.111205049426641,0.0,0.0,0.0,6.405782253559622,7.890563062065731,8.297873286708294,0.0,7.029564219826516,10.37453211570674,0.0,0.0,0.0,0.0,7.257919592031154,0.0,7.94343166672747,0.0,9.682317348806112,0.0,4.237874939593297,7.933204684948604,4.980776866366033,0.0,2.470626453989669,1.873600499772377,10.04319644370573,0.0,0.0,7.382356958807432,0.0,8.217202251662437,0.0,0.0,7.866994733634118,9.896417066074646,8.716465376223704,0.0,8.281212384540623,0.0,0.0,2.715443495718028,8.216454066648293,0.0,0.0,7.417261751110042,2.382520038241088,7.483596177455134,6.810613949882839,0.0,0.0,0.0,0.0,0.0,2.272371246657635,7.571925233487138,0.0,0.0,6.692885111858305,0.0,7.817341203797998,1.707385454361828,0.0,0.0,0.0,5.761165313462913,0.0,0.0,6.846523105079527,7.437417416590002,3.583441285953564,0.0,0.0,7.045737042872634,8.80283379561562,6.918949788393849,0.0,0.0,0.0,7.906086602980136,5.176542799220053,0.0,0.0,1.579969571268541,0.0,10.00898075922751,0.0,0.0,0.0,0.0,0.0,7.843677560166538,5.068948741468385,0.0,1.7054295870258,0.0,6.81146404649625,0.0,1.208043332583372,0.0,1.236876886998689,0.0,0.0,4.604899047391401,0.0,0.0,3.65959193804153,0.0,2.23991159789368,9.67634334634866,0.0,0.0,0.0,7.493601013324221,2.397002374914807,8.768394333770207,0.0,0.0,1.760093437104513,1.663405734913293,3.274470993667252,2.342559927503942,7.968884058496057,0.0,0.0,1.954643409276376,0.0,2.365415359806669,7.639840267113777,1.652131381065312,2.493770516417155,0.0,7.761533332420654,0.0,0.0,7.45317224086226,8.396597417288309,0.0,8.195590391965583,3.859443140961059,0.0,0.0,0.0,0.0,0.0,2.44085462315872,0.0,1.850501752420788,0.0,0.0,8.675224977623744,0.0,0.0,0.0,7.93022008549189,2.131106905550224,8.120875161518041,0.0,0.0,7.646544714345586,4.840329252098007,1.79122985434143,7.571289864453377,8.146115548128147,0.0,7.252358573279948,0.0,0.0,8.263336148656654
pt_95,10.60619563370774,0.0,7.880503444130222,7.531250528123313,0.0,0.0,7.209461357048016,0.0,0.0,0.0,0.0,9.255372388757033,0.0,0.0,0.0,2.574111408023769,0.0,0.0,1.38705158632996,0.0,0.0,7.961842340772655,0.0,9.472524539793813,0.0,5.365031756092955,6.99997842665501,9.037356443689397,2.576441588348065,0.0,0.0,0.0,7.594242333392608,0.0,9.411111619131201,0.0,2.422222916740601,0.0,0.0,0.0,0.0,0.0,0.0,0.0,0.0,0.0,9.000189787388042,0.0,0.0,6.925486118089823,7.636042803203194,0.0,0.0,5.943612316274741,1.720822949026524,6.196146775093668,0.0,0.0,0.0,7.378740824448347,0.0,0.0,0.0,0.0,7.571199187313759,0.0,9.686484117698575,0.0,9.927045553021733,7.11512682315632,8.381620033126422,9.928239174253997,9.861865982418003,8.766926474384366,0.0,0.0,0.0,4.882096809743896,0.0,0.0,10.74262886095572,7.111205049426641,0.0,0.0,0.0,6.405782253559622,7.890563062065731,8.297873286708294,0.0,7.029564219826516,10.37453211570674,0.0,0.0,0.0,0.0,7.257919592031154,0.0,7.94343166672747,0.0,9.682317348806112,0.0,4.237874939593297,7.933204684948604,4.980776866366033,0.0,2.470626453989669,1.873600499772377,10.04319644370573,0.0,0.0,7.382356958807432,0.0,8.217202251662437,0.0,0.0,7.866994733634118,9.896417066074646,8.716465376223704,0.0,8.281212384540623,0.0,0.0,2.715443495718028,8.216454066648293,0.0,0.0,7.417261751110042,2.382520038241088,7.483596177455134,6.810613949882839,0.0,0.0,0.0,0.0,0.0,2.272371246657635,7.571925233487138,0.0,0.0,6.692885111858305,0.0,7.817341203797998,1.707385454361828,0.0,0.0,0.0,5.761165313462913,0.0,0.0,6.846523105079527,7.437417416590002,3.583441285953564,0.0,0.0,7.045737042872634,8.80283379561562,6.918949788393849,0.0,0.0,0.0,7.906086602980136,5.176542799220053,0.0,0.0,1.579969571268541,0.0,10.00898075922751,0.0,0.0,0.0,0.0,0.0,7.843677560166538,5.068948741468385,0.0,1.7054295870258,0.0,6.81146404649625,0.0,1.208043332583372,0.0,1.236876886998689,0.0,0.0,4.604899047391401,0.0,0.0,3.65959193804153,0.0,2.23991159789368,9.67634334634866,0.0,0.0,0.0,7.493601013324221,2.397002374914807,8.768394333770207,0.0,0.0,1.760093437104513,1.663405734913293,3.274470993667252,2.342559927503942,7.968884058496057,0.0,0.0,1.954643409276376,0.0,2.365415359806669,7.639840267113777,1.652131381065312,2.493770516417155,0.0,7.761533332420654,0.0,0.0,7.45317224086226,8.396597417288309,0.0,8.195590391965583,3.859443140961059,0.0,0.0,0.0,0.0,0.0,2.44085462315872,0.0,1.850501752420788,0.0,0.0,8.675224977623744,0.0,0.0,0.0,7.93022008549189,2.131106905550224,8.120875161518041,0.0,0.0,7.646544714345586,4.840329252098007,1.79122985434143,7.571289864453377,8.146115548128147,0.0,7.252358573279948,0.0,0.0,8.263336148656654
